name,forecast,window_hours,pv_kwp,battery_kwh,annual_bill,imported_kwh,exported_kwh,curtailed_kwh,battery_discharge_kwh,cycles_per_year,self_consumption,self_sufficiency,annual_savings,npv
good|w=06.0|pv=00.0|bat=00.0,good,6.0,0.0,0.0,1378.9992010151407,6339.13043478261,0.0,0.0,0.0,NaN,NaN,0.0,0.0,NaN
good|w=06.0|pv=00.0|bat=05.0,good,6.0,0.0,5.0,1250.330946058479,6480.031364712362,30.685543581795507,0.0,1042.1219095285278,208.42438190570556,NaN,0.28898181884192353,128.6682549566617,-718.1071322814992
good|w=06.0|pv=00.0|bat=10.0,good,6.0,0.0,10.0,1225.9681301301375,6632.638520542216,164.83383902640924,0.0,1234.9077710431789,123.49077710431789,NaN,0.3057354091476484,153.03107088500315,-2399.647490769942
good|w=06.0|pv=00.0|bat=15.0,good,6.0,0.0,15.0,1205.6895879132362,6813.126547718796,328.46576033774056,0.0,1412.8578791804916,94.19052527869944,NaN,0.3098263196693574,173.30961310190446,-4134.575616329563
good|w=06.0|pv=00.0|bat=20.0,good,6.0,0.0,20.0,1186.5374597002797,7007.076124213123,505.49532624536005,0.0,1591.3995156369247,79.56997578184624,NaN,0.3102583398261613,192.461741314861,-5884.227713081387
good|w=06.0|pv=06.0|bat=00.0,good,6.0,6.0,0.0,704.3858933690209,5019.15720868512,5625.954388066455,237.89315057383232,0.0,NaN,0.19003555744028153,0.3152856896267605,0.0,NaN
good|w=06.0|pv=06.0|bat=05.0,good,6.0,6.0,5.0,393.0143810010652,3809.6924190950176,4342.773375720948,151.79206668242952,1501.2576333204577,300.25152666409156,0.40123609217834144,0.7062567443872413,311.3715123679557,1670.106694450618
good|w=06.0|pv=06.0|bat=10.0,good,6.0,6.0,10.0,267.8198653462258,3774.629288316979,4249.66209126548,109.98607286807824,2447.471665231559,244.74716652315593,0.5371357548204765,0.7348706296409752,436.5660280227951,1306.592423026552
good|w=06.0|pv=06.0|bat=15.0,good,6.0,6.0,15.0,183.6869328413071,3806.7072370907786,4246.592285969962,76.64988650224346,3103.310190797959,206.88734605319726,0.6309727916668004,0.736223161798994,520.6989605277138,406.3398251182807
good|w=06.0|pv=06.0|bat=20.0,good,6.0,6.0,20.0,131.98869712121643,3863.0543355766795,4268.182042669627,70.51045270059497,3503.790600726843,175.18953003634215,0.6847694968470723,0.7358440500569954,572.3971962478045,-917.8843670840838
good|w=06.0|pv=12.0|bat=00.0,good,6.0,12.0,0.0,154.40909635081016,4612.24781132811,12124.52702455278,516.2318814682748,0.0,NaN,0.12467197688452855,0.3456899805482828,0.0,NaN
good|w=06.0|pv=12.0|bat=05.0,good,6.0,12.0,5.0,-176.67416830688808,3282.7358047063926,10767.013520564129,374.0932225994634,1596.8101641308863,319.36203282617726,0.2433643237157477,0.7506729152548804,331.08326465769824,1927.7697489275633
good|w=06.0|pv=12.0|bat=10.0,good,6.0,12.0,10.0,-326.9021971269798,3210.1335760853367,10631.485688143592,314.9001600945653,2749.1137163329604,274.911371633296,0.3286868259109103,0.7887382114778018,481.31129347778995,1891.482168039998
good|w=06.0|pv=12.0|bat=15.0,good,6.0,12.0,15.0,-450.8813188304615,3258.5492615553894,10632.431024512623,254.21650167669736,3772.1546577257486,251.47697718171656,0.4033608604072705,0.7909405519338204,605.2904151812717,1512.0808200487925
good|w=06.0|pv=12.0|bat=20.0,good,6.0,12.0,20.0,-560.0513179075426,3309.771839232164,10629.705285862123,214.75187479870243,4658.746260215559,232.93731301077796,0.46789644620527115,0.79081043070399,714.4604142583528,939.1013611948792
good|w=12.0|pv=00.0|bat=00.0,good,12.0,0.0,0.0,1374.4181283890534,6339.13043478261,0.0,0.0,0.0,NaN,NaN,0.0,0.0,NaN
good|w=12.0|pv=00.0|bat=05.0,good,12.0,0.0,5.0,1224.4132149355707,6492.230222437534,28.784470978240332,0.0,1172.6366492380191,234.52732984760382,NaN,0.3267878476914172,150.0049134534827,-439.204043412875
good|w=12.0|pv=00.0|bat=10.0,good,12.0,0.0,10.0,1180.8727870865196,6675.197553303842,175.26806613832267,0.0,1532.2681515443662,153.22681515443662,NaN,0.383473000352368,193.54534130253387,-1870.0633872238514
good|w=12.0|pv=00.0|bat=15.0,good,12.0,0.0,15.0,1154.4795229483952,6888.877525086398,366.0923778948211,0.0,1765.7525943496687,117.71683962331124,NaN,0.38802576215533224,219.9386054406582,-3525.062650836514
good|w=12.0|pv=00.0|bat=20.0,good,12.0,0.0,20.0,1129.2132255053,7096.581226731094,551.8369693478785,0.0,1990.9382040722658,99.5469102036133,NaN,0.3905564748337452,245.20490288375345,-5194.7931101676895
good|w=12.0|pv=06.0|bat=00.0,good,12.0,6.0,0.0,700.3061966286623,5019.613479349337,5626.387013980719,237.9167953237864,0.0,NaN,0.1899705151760971,0.3152856896267605,0.0,NaN
good|w=12.0|pv=06.0|bat=05.0,good,12.0,6.0,5.0,376.2795360234301,3673.641312512452,4175.217202204864,176.67287739359193,1562.5744665581472,312.5148933116294,0.4147257510061276,0.733633282565385,324.02666060523217,1835.5290324419493
good|w=12.0|pv=06.0|bat=10.0,good,12.0,6.0,10.0,206.41506000926233,3296.4040052777104,3738.09974372541,115.73309398022161,2702.856425829129,270.2856425829129,0.5825821575558091,0.8080962896341807,493.89113661939996,2055.920152094556
good|w=12.0|pv=06.0|bat=15.0,good,12.0,6.0,15.0,86.04509605387057,3170.1605683110156,3553.584278592404,84.32589153241457,3554.8872527957064,236.99248351971377,0.7057725294734454,0.8096033734802394,614.2611005747917,1629.3415366644786
good|w=12.0|pv=06.0|bat=20.0,good,12.0,6.0,20.0,-6.952681871182222,3118.174347100464,3439.2483081856326,74.36309117537796,4246.164955070728,212.3082477535364,0.804944118361345,0.8100287005519763,707.2588784998445,844.9661634109779
good|w=12.0|pv=12.0|bat=00.0,good,12.0,12.0,0.0,151.21723715874225,4607.119662242905,12119.991275239656,515.639481696196,0.0,NaN,0.12503685507448845,0.3456899805482828,0.0,NaN
good|w=12.0|pv=12.0|bat=05.0,good,12.0,12.0,5.0,-182.64312243009806,3207.347129172942,10598.124599013767,463.38700087495357,1635.746955275846,327.1493910551692,0.24569226722276316,0.7720802056722966,333.8603595888403,1964.0706699219322
good|w=12.0|pv=12.0|bat=10.0,good,12.0,12.0,10.0,-378.4470009860334,2739.693147579614,10072.617511732364,380.69039471326124,2958.6558265006024,295.8655826500602,0.34616106754180254,0.8654315938604603,529.6642381447757,2523.529853741358
good|w=12.0|pv=12.0|bat=15.0,good,12.0,12.0,15.0,-529.7111326072595,2591.6312140336686,9889.932144288628,296.7799365603439,4077.7772375340855,271.8518158356057,0.4286633794807937,0.8687131193018127,680.9283697660018,2500.785737106402
good|w=12.0|pv=12.0|bat=20.0,good,12.0,12.0,20.0,-662.6179483364551,2529.223919926733,9779.500573609477,235.79422182731577,5108.741516026201,255.43707580131004,0.5043130240544118,0.8691251093690403,813.8351854951974,2238.0831421376797
good|w=24.0|pv=00.0|bat=00.0,good,24.0,0.0,0.0,1338.814211402097,6339.13043478261,0.0,0.0,0.0,NaN,NaN,0.0,0.0,NaN
good|w=24.0|pv=00.0|bat=05.0,good,24.0,0.0,5.0,1183.826472827741,6494.894366967686,29.864989122628046,0.0,1187.2953447575446,237.45906895150893,NaN,0.330580570315597,154.98773857435594,-374.0708212773291
good|w=24.0|pv=00.0|bat=10.0,good,24.0,0.0,10.0,1107.120208602088,6656.867661151942,121.81241532268942,0.0,1857.4065843035391,185.7406584303539,NaN,0.4552647527226275,231.694002800009,-1371.401446815768
good|w=24.0|pv=00.0|bat=15.0,good,24.0,0.0,15.0,1058.706489069162,6851.1123304110515,268.760471088487,0.0,2317.1265194595894,154.47510129730597,NaN,0.4689512558951323,280.10772233293505,-2738.5593397274392
good|w=24.0|pv=00.0|bat=20.0,good,24.0,0.0,20.0,1014.9638681780579,7052.472518536591,426.7889637500702,0.0,2740.14554670287,137.0072773351435,NaN,0.4776528777254161,323.8503432240392,-4166.775708117276
good|w=24.0|pv=06.0|bat=00.0,good,24.0,6.0,0.0,634.528566188133,4668.808413292121,5303.282035556578,210.21670769071167,0.0,NaN,0.23952062775955424,0.3152856896267605,0.0,NaN
good|w=24.0|pv=06.0|bat=05.0,good,24.0,6.0,5.0,306.74418745918405,3339.194203390616,3872.796115193144,146.74593514502988,1543.1445221986462,308.62890443972924,0.4581111433926125,0.7278996750512149,327.784378728949,1884.6482134963949
good|w=24.0|pv=06.0|bat=10.0,good,24.0,6.0,10.0,116.81981937446852,2636.9378201082845,3085.9867704199605,105.46814555724909,2729.808653977788,272.98086539777876,0.6311472913371541,0.8270794858930156,517.7087468136644,2367.2531123909835
good|w=24.0|pv=06.0|bat=15.0,good,24.0,6.0,15.0,-16.134706544455696,2254.1310918884724,2626.8963670580315,86.08651346227231,3637.249061992946,242.48327079952972,0.7581139063110387,0.830191910499607,650.6632727325887,2105.174163307946
good|w=24.0|pv=06.0|bat=20.0,good,24.0,6.0,20.0,-102.51341605113845,2219.1242818370274,2532.754765304221,75.6615981569236,4303.04532429511,215.15226621475549,0.8464312104610852,0.8311445811753537,737.0419822392714,1234.277340241149
good|w=24.0|pv=12.0|bat=00.0,good,24.0,12.0,0.0,77.76863099416619,4241.829535725544,11807.420799991569,462.9198304269216,0.0,NaN,0.15083371997301917,0.3456899805482828,0.0,NaN
good|w=24.0|pv=12.0|bat=05.0,good,24.0,12.0,5.0,-259.3829042737991,2818.332607074336,10281.184715575788,392.87255423086015,1621.305177892037,324.26103557840736,0.2703286940868428,0.7680646826016069,337.1515352679653,2007.091420479195
good|w=24.0|pv=12.0|bat=10.0,good,24.0,12.0,10.0,-480.0025380770334,1972.317627801419,9352.806063384283,325.84623570381365,3026.043303837498,302.6043303837498,0.37666858129965675,0.8915357828981985,557.7711690711997,2890.930862440291
good|w=24.0|pv=12.0|bat=15.0,good,24.0,12.0,15.0,-649.4864400483211,1545.3774979870605,8866.879549858339,256.305309811036,4237.667887611244,282.51119250741624,0.46604836936053645,0.9000593455040019,727.2550710424873,3106.3472914158983
good|w=24.0|pv=12.0|bat=20.0,good,24.0,12.0,20.0,-791.2547335281388,1390.9176926553018,8639.186086644728,215.21207751782995,5317.847563334223,265.8923781667112,0.5458872307471525,0.9004430930908701,869.023364522305,2959.4779004588213
good|w=48.0|pv=00.0|bat=00.0,good,48.0,0.0,0.0,1278.2406360368796,6339.13043478261,0.0,0.0,0.0,NaN,NaN,0.0,0.0,NaN
good|w=48.0|pv=00.0|bat=05.0,good,48.0,0.0,5.0,1122.6194684521683,6494.092429713408,29.864295172115078,0.0,1179.8787080226848,235.97574160453695,NaN,0.3284676425464846,155.6211675847112,-365.790925547949
good|w=48.0|pv=00.0|bat=10.0,good,48.0,0.0,10.0,1042.6509292482183,6651.109726460218,116.13424563187979,0.0,1856.6682467309633,185.66682467309633,NaN,0.4672557613724447,235.58970678866126,-1320.4785773367046
good|w=48.0|pv=00.0|bat=15.0,good,48.0,0.0,15.0,987.1688529871464,6836.776045429218,253.84457868744732,0.0,2322.4916035194283,154.83277356796188,NaN,0.5085690649324104,291.0717830497332,-2595.2421281352968
good|w=48.0|pv=00.0|bat=20.0,good,48.0,0.0,20.0,940.1672651613276,7083.615083416344,458.1104546006842,0.0,2738.489334511046,136.9244667255523,NaN,0.5319534802077545,338.073370875552,-3980.858764015564
good|w=48.0|pv=06.0|bat=00.0,good,48.0,6.0,0.0,540.12218903963,4274.931273215119,4921.597161464944,198.02444170534366,0.0,NaN,0.2954851624805818,0.3152856896267605,0.0,NaN
good|w=48.0|pv=06.0|bat=05.0,good,48.0,6.0,5.0,225.03478255853548,3035.085927716761,3573.260664113716,144.62579792934852,1520.4414415902613,304.08828831805226,0.5007760743029086,0.7219319018815079,315.08740648109455,1718.679171074246
good|w=48.0|pv=06.0|bat=10.0,good,48.0,6.0,10.0,45.31595317429537,2403.006664515823,2862.65818669708,103.16492083398167,2652.986491931143,265.29864919311433,0.6597324786722321,0.8191612807946136,494.80623586533466,2067.881912946217
good|w=48.0|pv=06.0|bat=15.0,good,48.0,6.0,15.0,-78.55260384467931,2168.735905230444,2556.2459356386876,82.70178566038618,3532.095987513865,235.47306583425768,0.7776099977838014,0.8353356084598383,618.6747928843093,1687.0353137206941
good|w=48.0|pv=06.0|bat=20.0,good,48.0,6.0,20.0,-164.0334841327042,2167.705776172256,2497.98608480249,72.64075681438646,4176.889858674558,208.8444929337279,0.863751389478276,0.8389286894876953,704.1556731723342,804.4024757386487
good|w=48.0|pv=12.0|bat=00.0,good,48.0,12.0,0.0,-17.36520889359042,3806.055862380933,11385.483540895806,449.08341617807395,0.0,NaN,0.18199259950509047,0.3456899805482828,0.0,NaN
good|w=48.0|pv=12.0|bat=05.0,good,48.0,12.0,5.0,-352.92374186211066,2396.829648648957,9878.746494105762,374.97164518892356,1610.5323092575773,322.10646185151546,0.300132809884217,0.765708483369093,335.55853296852024,1986.2684194476026
good|w=48.0|pv=12.0|bat=10.0,good,48.0,12.0,10.0,-566.7086666563679,1627.8245242122332,9026.139299254968,312.27454173641473,2986.6605596636064,298.66605596636066,0.40496895663847593,0.8866408939970024,549.3434577627775,2780.7676559399774
good|w=48.0|pv=12.0|bat=15.0,good,48.0,12.0,15.0,-732.5985345823865,1300.4226810080222,8627.60864468255,255.42707312863317,4193.184587133672,279.5456391422448,0.4955403159061557,0.9032277104373417,715.2333256887961,2949.204507636701
good|w=48.0|pv=12.0|bat=20.0,good,48.0,12.0,20.0,-872.0528178547887,1184.3026019064987,8434.132913142432,219.29137850926827,5265.630132977841,263.28150664889205,0.5754754767300464,0.9070453477954202,854.6876089611983,2772.0874284290076
load-only|w=06.0|pv=00.0|bat=00.0,load-only,6.0,0.0,0.0,1378.9992010151407,6339.13043478261,0.0,0.0,0.0,NaN,NaN,0.0,0.0,NaN
load-only|w=06.0|pv=00.0|bat=05.0,load-only,6.0,0.0,5.0,1250.7149657242092,6479.814903656873,30.751202162680503,0.0,1039.5104944328532,207.90209888657063,NaN,0.28821694064862075,128.28423529093152,-723.1268625721816
load-only|w=06.0|pv=00.0|bat=10.0,load-only,6.0,0.0,10.0,1226.2523497763434,6632.524819711734,164.9406225749934,0.0,1232.8668771754126,123.28668771754126,NaN,0.30512178702869114,152.74685123879726,-2403.3626806276125
load-only|w=06.0|pv=00.0|bat=15.0,load-only,6.0,0.0,15.0,1205.9817400222396,6812.922813754173,328.48277067405,0.0,1410.814579369294,94.05430529128627,NaN,0.30923765962721256,173.01746099290108,-4138.394495730603
load-only|w=06.0|pv=00.0|bat=20.0,load-only,6.0,0.0,20.0,1186.8390807512408,7006.862983452429,505.5200199008622,0.0,1589.1980227075255,79.45990113537627,NaN,0.3096222865161895,192.1601202638999,-5888.1703661820775
load-only|w=06.0|pv=06.0|bat=00.0,load-only,6.0,6.0,0.0,704.619686612385,5020.983070042335,5626.294492064771,239.37890793273266,0.0,NaN,0.18981329125084206,0.3152856896267605,0.0,NaN
load-only|w=06.0|pv=06.0|bat=05.0,load-only,6.0,6.0,5.0,393.34914891628955,3813.157481948778,4346.312201546421,151.79206668242952,1500.5748529925372,300.11497059850745,0.4010045784473536,0.7054871145756517,311.2705376960954,1668.7867994968917
load-only|w=06.0|pv=06.0|bat=10.0,load-only,6.0,6.0,10.0,268.02750623639554,3776.749018241422,4251.7111795306055,109.98607286807824,2448.1255534113925,244.81255534113924,0.537108950716243,0.7344970500413525,436.5921803759894,1306.9342746847287
load-only|w=06.0|pv=06.0|bat=15.0,load-only,6.0,6.0,15.0,183.95443570525697,3808.9268032218797,4248.869011145925,76.64524095474921,3102.8241043223297,206.85494028815532,0.6307912304518377,0.7357760231444846,520.665250907128,405.8991883003185
load-only|w=06.0|pv=06.0|bat=20.0,load-only,6.0,6.0,20.0,132.17462878995468,3865.226135099396,4270.318786079508,70.5058071531007,3504.1580955827103,175.2079047791355,0.6847240482023988,0.7353889196832396,572.4450578224303,-917.2587423639219
load-only|w=06.0|pv=12.0|bat=00.0,load-only,6.0,12.0,0.0,153.0419049683196,4610.9595934294775,12125.292409602775,514.1782785196489,0.0,NaN,0.12474648469103106,0.3456899805482828,0.0,NaN
load-only|w=06.0|pv=12.0|bat=05.0,load-only,6.0,12.0,5.0,-176.66895811312475,3283.880160736778,10768.108209527565,374.0932225994634,1597.2699028787974,319.4539805757595,0.24341491279734587,0.7502623454834972,329.71086308144436,1909.830340147018
load-only|w=06.0|pv=12.0|bat=10.0,load-only,6.0,12.0,10.0,-326.9481305919318,3210.5908026560055,10631.908800859217,314.9001600945653,2749.429488170668,274.9429488170668,0.3287691490754049,0.788358206204013,479.9900355602514,1874.2112858890496
load-only|w=06.0|pv=12.0|bat=15.0,load-only,6.0,12.0,15.0,-451.0031698392868,3258.6457149409316,10632.432515941968,254.21185612920317,3773.076665644546,251.5384443763031,0.4034850624228285,0.7906894481953746,604.0450748076064,1495.802297478831
load-only|w=06.0|pv=12.0|bat=20.0,load-only,6.0,12.0,20.0,-560.1117673289012,3310.2733044434576,10630.223146861646,214.74722925120818,4658.637495166706,232.93187475833528,0.46793675463712814,0.7904507929042467,713.1536722972209,922.0202250193977
load-only|w=12.0|pv=00.0|bat=00.0,load-only,12.0,0.0,0.0,1374.4181283890534,6339.13043478261,0.0,0.0,0.0,NaN,NaN,0.0,0.0,NaN
load-only|w=12.0|pv=00.0|bat=05.0,load-only,12.0,0.0,5.0,1224.9761154859343,6491.711253369005,28.705559975485563,0.0,1168.563291244566,233.71265824891321,NaN,0.32563082027231083,149.44201290311912,-446.5620232130224
load-only|w=12.0|pv=00.0|bat=10.0,load-only,12.0,0.0,10.0,1181.6366128183893,6674.997760829585,175.49680318182325,0.0,1528.3015065210243,152.83015065210242,NaN,0.3823181756830528,192.78151557066417,-1880.0477695491118
load-only|w=12.0|pv=00.0|bat=15.0,load-only,12.0,0.0,15.0,1155.0652020265447,6889.941880706569,367.3054397270085,0.0,1764.376108643569,117.62507390957127,NaN,0.38691704754169787,219.3529263625087,-3532.7183811846357
load-only|w=12.0|pv=00.0|bat=20.0,load-only,12.0,0.0,20.0,1129.793483355929,7097.56720869725,552.9626715120887,0.0,1989.644896597972,99.4822448298986,NaN,0.3895269968366917,244.62464503312435,-5202.3779766970365
load-only|w=12.0|pv=06.0|bat=00.0,load-only,12.0,6.0,0.0,701.4371287191898,5018.318313173927,5626.726874624357,236.2817685047375,0.0,NaN,0.19011222856393148,0.3152856896267605,0.0,NaN
load-only|w=12.0|pv=06.0|bat=05.0,load-only,12.0,6.0,5.0,376.71144740453747,3677.8999597049633,4179.4850120382025,176.6673809055178,1562.5405311442107,312.50810622884217,0.41455265480719566,0.7325722465645793,324.7256813146523,1844.666313008607
load-only|w=12.0|pv=06.0|bat=10.0,load-only,12.0,6.0,10.0,206.77088840987432,3299.395287004846,3741.2232501407943,115.5005557026212,2703.7849695664645,270.3784969566465,0.5824706260524165,0.8068658217587611,494.66624030931547,2066.05195475443
load-only|w=12.0|pv=06.0|bat=15.0,load-only,12.0,6.0,15.0,86.2421973209216,3174.25694497065,3557.388428104996,84.23372204340083,3558.4453857602293,237.2296923840153,0.7059930071793024,0.8083792279708073,615.1949313982682,1641.5481481724196
load-only|w=12.0|pv=06.0|bat=20.0,load-only,12.0,6.0,20.0,-6.872888259558408,3121.830263342107,3442.907870308722,73.90168850862544,4250.402139673179,212.52010698365893,0.8052888636301638,0.8088792749073127,708.3100169787482,858.7061672001661
load-only|w=12.0|pv=12.0|bat=00.0,load-only,12.0,12.0,0.0,150.71667113917806,4603.527472625581,12118.394022828466,513.644544490062,0.0,NaN,0.12527813915637614,0.3456899805482828,0.0,NaN
load-only|w=12.0|pv=12.0|bat=05.0,load-only,12.0,12.0,5.0,-182.33185817301774,3211.1481111811822,10602.01322344543,463.38700087495357,1634.935701048763,326.98714020975257,0.24567702469110783,0.7706361489409852,333.0485293121958,1953.4587940357912
load-only|w=12.0|pv=12.0|bat=10.0,load-only,12.0,12.0,10.0,-377.9751621581376,2743.7093054054367,10076.79444843295,380.6793886803349,2957.2694676313104,295.726946763131,0.3460531779782938,0.8636441933587355,528.6918332973157,2510.8190201481875
load-only|w=12.0|pv=12.0|bat=15.0,load-only,12.0,12.0,15.0,-529.3934472948506,2595.074684104938,9893.417634298517,296.7655390903356,4077.5215526323195,271.83477017548796,0.4286936868961246,0.866808135152787,680.1101184340287,2490.089928107436
load-only|w=12.0|pv=12.0|bat=20.0,load-only,12.0,12.0,20.0,-662.246738684231,2534.3926170184136,9785.203193067227,235.31102755678768,5108.2719559623365,255.41359779811683,0.5043306418497876,0.8672823033714792,812.963409823409,2226.687687329303
load-only|w=24.0|pv=00.0|bat=00.0,load-only,24.0,0.0,0.0,1338.814211402097,6339.13043478261,0.0,0.0,0.0,NaN,NaN,0.0,0.0,NaN
load-only|w=24.0|pv=00.0|bat=05.0,load-only,24.0,0.0,5.0,1184.0571751366463,6494.796080463672,29.893929814609233,0.0,1186.117677635633,237.22353552712661,NaN,0.33014550731387954,154.75703626545078,-377.0864568592723
load-only|w=24.0|pv=00.0|bat=10.0,load-only,24.0,0.0,10.0,1108.3936373822235,6655.941187873068,121.58650300262151,0.0,1850.9219046592116,185.09219046592116,NaN,0.4520625615877689,230.42057401987358,-1388.0471282511658
load-only|w=24.0|pv=00.0|bat=15.0,load-only,24.0,0.0,15.0,1059.6216958829918,6851.019735629116,269.01723154537666,0.0,2313.892744043792,154.25951626958613,NaN,0.46700111957165247,279.1925155191052,-2750.5225066576672
load-only|w=24.0|pv=00.0|bat=20.0,load-only,24.0,0.0,20.0,1016.3866202977808,7052.883768230021,428.106168148937,0.0,2731.7596582756187,136.58798291378093,NaN,0.4752236173676536,322.4275911043162,-4185.3732762858945
load-only|w=24.0|pv=06.0|bat=00.0,load-only,24.0,6.0,0.0,634.4045521384717,4668.522585959111,5303.843766031267,209.36914988301265,0.0,NaN,0.23953250249314212,0.3152856896267605,0.0,NaN
load-only|w=24.0|pv=06.0|bat=05.0,load-only,24.0,6.0,5.0,307.3515546757486,3343.5197008277273,3877.217681781338,146.77230974412004,1542.0111326137098,308.40222652274196,0.4578412673999554,0.7260261812021225,327.05299746272306,1875.0879304595057
load-only|w=24.0|pv=06.0|bat=10.0,load-only,24.0,6.0,10.0,117.79984619217578,2645.520180595056,3095.034637225354,105.26403176076784,2727.389097554897,272.7389097554897,0.6305495564602038,0.8240250522458786,516.6047059462959,2352.821592657367
load-only|w=24.0|pv=06.0|bat=15.0,load-only,24.0,6.0,15.0,-15.639873400501529,2261.9401680787696,2634.7450387371546,86.08031185275972,3636.939954545973,242.4626636363982,0.7577149853353652,0.8281238823681687,650.0444255389732,2097.084874450333
load-only|w=24.0|pv=06.0|bat=20.0,load-only,24.0,6.0,20.0,-102.10188678479471,2228.3221424124795,2541.5984054811142,75.50519852502266,4307.771832782186,215.38859163910928,0.8465413081144195,0.8288049521162635,736.5064389232664,1227.2769617573758
load-only|w=24.0|pv=12.0|bat=00.0,load-only,24.0,12.0,0.0,76.93588660375099,4247.392148086992,11806.569188077512,469.334054702425,0.0,NaN,0.15050309474677684,0.3456899805482828,0.0,NaN
load-only|w=24.0|pv=12.0|bat=05.0,load-only,24.0,12.0,5.0,-259.0555853471155,2821.8538838150153,10284.867028462682,392.87255423086015,1619.8145612565354,323.9629122513071,0.270292670880762,0.7659069476640608,335.99147195086647,1991.9276007803305
load-only|w=24.0|pv=12.0|bat=10.0,load-only,24.0,12.0,10.0,-479.20495832703233,1980.2296555030398,9361.37002258089,325.84101258399573,3020.05710580071,302.00571058007097,0.37634821373029803,0.8869454280414224,556.1408449307833,2869.620007289896
load-only|w=24.0|pv=12.0|bat=15.0,load-only,24.0,12.0,15.0,-649.155555253891,1552.111810660066,8873.438296306245,256.28135734798747,4239.514714442565,282.634314296171,0.4662880195384395,0.8968870277344695,726.0914418576419,3091.1368603167916
load-only|w=24.0|pv=12.0|bat=20.0,load-only,24.0,12.0,20.0,-790.8160812647884,1398.2957429527244,8646.680317308306,214.727321342511,5321.259252234424,266.0629626117212,0.5459767784487816,0.8972550598622613,867.7519678685394,2942.8587820544435
load-only|w=48.0|pv=00.0|bat=00.0,load-only,48.0,0.0,0.0,1278.2406360368796,6339.13043478261,0.0,0.0,0.0,NaN,NaN,0.0,0.0,NaN
load-only|w=48.0|pv=00.0|bat=05.0,load-only,48.0,0.0,5.0,1122.8690412530723,6493.996633474195,29.89271540121154,0.0,1178.7289094314021,235.74578188628044,NaN,0.3280468232822637,155.37159478380727,-369.0532276127294
load-only|w=48.0|pv=00.0|bat=10.0,load-only,48.0,0.0,10.0,1043.354637637909,6651.888732821972,117.42982833389905,0.0,1851.8866041967199,185.18866041967198,NaN,0.46468945919340315,234.88599839897051,-1329.6771331263474
load-only|w=48.0|pv=00.0|bat=15.0,load-only,48.0,0.0,15.0,988.0656283237911,6839.848984305917,257.4221746511603,0.0,2317.8202904832065,154.52135269888043,NaN,0.5051566619143996,290.17500771308846,-2606.9643671845224
load-only|w=48.0|pv=00.0|bat=20.0,load-only,48.0,0.0,20.0,941.34790078984,7085.354573999464,460.63488097614453,0.0,2731.223646792212,136.5611823396106,NaN,0.5289530340083141,336.8927352470396,-3996.2914956061036
load-only|w=48.0|pv=06.0|bat=00.0,load-only,48.0,6.0,0.0,540.1667733138262,4275.11800159182,4921.783889841644,198.02444170534366,0.0,NaN,0.2954584327610101,0.3152856896267605,0.0,NaN
load-only|w=48.0|pv=06.0|bat=05.0,load-only,48.0,6.0,5.0,225.38746053707172,3038.06122608035,3576.0030738212954,144.62544554585574,1522.6004163405257,304.52008326810517,0.5007979689762997,0.7209577266201557,314.77931277675447,1714.651910394499
load-only|w=48.0|pv=06.0|bat=10.0,load-only,48.0,6.0,10.0,46.453790817718414,2417.9019398501223,2878.0883362011227,103.0173253140921,2649.401681864546,264.94016818645457,0.6589755646559681,0.8156475178000736,493.71298249610777,2053.591402478571
load-only|w=48.0|pv=06.0|bat=15.0,load-only,48.0,6.0,15.0,-77.5095239675228,2183.4572557333145,2571.601501165652,82.69714011289192,3526.2684341535423,235.08456227690283,0.7772124720082255,0.831532123106506,617.676297281349,1673.9834336463648
load-only|w=48.0|pv=06.0|bat=20.0,load-only,48.0,6.0,20.0,-163.16482632876279,2178.5358749583393,2509.640622591046,72.48406047190493,4170.708958667976,208.53544793339879,0.8633990591309603,0.8349734647536666,703.331599642589,793.6305616202768
load-only|w=48.0|pv=12.0|bat=00.0,load-only,48.0,12.0,0.0,-16.83003740966319,3808.5583280617248,11387.627620553623,449.4418022010478,0.0,NaN,0.18181748762822406,0.3456899805482828,0.0,NaN
load-only|w=48.0|pv=12.0|bat=05.0,load-only,48.0,12.0,5.0,-352.641692765265,2401.389743956247,9883.44236132913,374.90103153739403,1609.9291776293137,321.98583552586274,0.30002448784437163,0.7638380113327046,335.81165535560183,1989.5771200873664
load-only|w=48.0|pv=12.0|bat=10.0,load-only,48.0,12.0,10.0,-565.6739170831797,1641.7012980736658,9041.296821438791,311.3862740996805,2983.0275974194683,298.30275974194683,0.4046352105261028,0.8829150404282742,548.8438796735165,2774.2373985312684
load-only|w=48.0|pv=12.0|bat=15.0,load-only,48.0,12.0,15.0,-731.9875388361894,1316.0302667876135,8643.789121145412,254.77173406675163,4193.947763151066,279.59651754340445,0.49538952731649505,0.8998587897655652,715.1575014265262,2948.213367390378
load-only|w=48.0|pv=12.0|bat=20.0,load-only,48.0,12.0,20.0,-871.7215985379577,1197.6258985225268,8448.409801780135,218.33540795923975,5265.652149612095,263.2826074806047,0.575368342740381,0.9041561753688434,854.8915611282945,2774.7533983320773
perfect|w=06.0|pv=00.0|bat=00.0,perfect,6.0,0.0,0.0,1378.9992010151407,6339.13043478261,0.0,0.0,0.0,NaN,NaN,0.0,0.0,NaN
perfect|w=06.0|pv=00.0|bat=05.0,perfect,6.0,0.0,5.0,1249.9808858824854,6480.267015050251,30.61340574891252,0.0,1044.9709231092547,208.99418462185093,NaN,0.2898164335315263,129.0183151326553,-713.5313049845929
perfect|w=06.0|pv=00.0|bat=10.0,perfect,6.0,0.0,10.0,1225.6486658525737,6632.972083940226,164.8408177038465,0.0,1237.930773200275,123.7930773200275,NaN,0.30659713014183676,153.35053516256698,-2395.471599132128
perfect|w=06.0|pv=00.0|bat=15.0,perfect,6.0,0.0,15.0,1205.3596139124818,6813.5842527375335,328.56934285153187,0.0,1416.1357823672984,94.40905215781989,NaN,0.31073326843307614,173.63958710265888,-4130.262346373517
perfect|w=06.0|pv=00.0|bat=20.0,perfect,6.0,0.0,20.0,1186.1900698395568,7007.4855059730235,505.549874398921,0.0,1594.6840010699684,79.73420005349843,NaN,0.31118117904887066,192.80913117558384,-5879.686790930356
perfect|w=06.0|pv=06.0|bat=00.0,perfect,6.0,6.0,0.0,703.85096591999,5020.3163338267195,5623.712676080155,241.29398770173322,0.0,NaN,0.18996168733812624,0.3152856896267605,0.0,NaN
perfect|w=06.0|pv=06.0|bat=05.0,perfect,6.0,6.0,5.0,392.5229210951289,3805.3197591852418,4338.434251596738,151.79206668242952,1500.947212330987,300.1894424661974,0.4016033091939711,0.7067114097464984,311.32804482486114,1669.5385065107675
perfect|w=06.0|pv=06.0|bat=10.0,perfect,6.0,6.0,10.0,267.29901110372066,3770.347830394672,4245.476019880765,109.98607286807824,2446.588728306655,244.6588728306655,0.537433927690245,0.7352284084317822,436.55195481626936,1306.4084644760183
perfect|w=06.0|pv=06.0|bat=15.0,perfect,6.0,6.0,15.0,183.18681179274972,3802.4429026136086,4242.3302809196775,76.65608056556913,3103.2312938757486,206.88208625838325,0.6313705195380162,0.7366271213006836,520.6641541272403,405.8848516928064
perfect|w=06.0|pv=06.0|bat=20.0,perfect,6.0,6.0,20.0,131.44454583104834,3858.827357205544,4263.918626684355,70.5166467639206,3504.0705474407555,175.20352737203777,0.6851713914071702,0.736335913817502,572.4064200889417,-917.7637972308038
perfect|w=06.0|pv=12.0|bat=00.0,perfect,6.0,12.0,0.0,153.8813793137225,4607.9008920359,12120.180105260573,516.2318814682748,0.0,NaN,0.12498580193213553,0.3456899805482828,0.0,NaN
perfect|w=06.0|pv=12.0|bat=05.0,perfect,6.0,12.0,5.0,-177.3672712237725,3275.9727521596906,10760.294358708883,374.0932225994634,1596.4038938843346,319.2807787768669,0.24374370915036667,0.7510178403042129,331.248650537495,1929.9315978758154
perfect|w=06.0|pv=12.0|bat=10.0,perfect,6.0,12.0,10.0,-327.57338828947,3203.5415036748923,10624.92131311639,314.9001600945653,2748.857337990632,274.8857337990632,0.32903705554473267,0.789184896585491,481.4547676031925,1893.3575965075565
perfect|w=06.0|pv=12.0|bat=15.0,perfect,6.0,12.0,15.0,-451.46977376214875,3252.2808351095773,10626.279892325798,254.22269574002303,3771.0115991525513,251.40077327683676,0.40364778702832815,0.7912818078238069,605.3511530758713,1512.874758163223
perfect|w=06.0|pv=12.0|bat=20.0,perfect,6.0,12.0,20.0,-560.6731004590627,3303.5367254171015,10623.537693255523,214.7580688620281,4658.063921417726,232.9031960708863,0.46821711459242854,0.7911545369854093,714.5544797727852,940.3309427872883
perfect|w=12.0|pv=00.0|bat=00.0,perfect,12.0,0.0,0.0,1374.4181283890534,6339.13043478261,0.0,0.0,0.0,NaN,NaN,0.0,0.0,NaN
perfect|w=12.0|pv=00.0|bat=05.0,perfect,12.0,0.0,5.0,1224.0468759715486,6492.514056081797,28.889685648580027,0.0,1174.2900197402405,234.8580039480481,NaN,0.327257238311903,150.37125241750482,-434.415427207862
perfect|w=12.0|pv=00.0|bat=10.0,perfect,12.0,0.0,10.0,1180.135965099501,6676.430254245368,175.8690228243409,0.0,1538.1158355504729,153.8115835550473,NaN,0.3851064643523168,194.2821632895525,-1860.4319855610072
perfect|w=12.0|pv=00.0|bat=15.0,perfect,12.0,0.0,15.0,1153.9549776964677,6888.48872766686,365.3745198096431,0.0,1768.7985148700755,117.91990099133837,NaN,0.38973492738409954,220.4631506925857,-3518.2060340407897
perfect|w=12.0|pv=00.0|bat=20.0,perfect,12.0,0.0,20.0,1128.6001492701203,7095.572893314324,550.4384882965347,0.0,1994.5495706384531,99.72747853192266,NaN,0.3923596723889889,245.81797911893318,-5186.779256652199
perfect|w=12.0|pv=06.0|bat=00.0,perfect,12.0,6.0,0.0,699.9474633669308,5019.334466250361,5623.712676080155,240.31212012537452,0.0,NaN,0.19007623322487008,0.3152856896267605,0.0,NaN
perfect|w=12.0|pv=06.0|bat=05.0,perfect,12.0,6.0,5.0,375.5160061393932,3667.120406626861,4168.715062025927,176.66386328439285,1562.4842017714545,312.4968403542909,0.41527081756681433,0.734786037334212,324.43145722753763,1840.8203496527203
perfect|w=12.0|pv=06.0|bat=10.0,perfect,12.0,6.0,10.0,205.90643117312163,3292.6239111726563,3734.962355972303,115.46759176631639,2699.3648695769934,269.93648695769934,0.5825876863940377,0.8090545871476744,494.0410321938092,2057.879518820921
perfect|w=12.0|pv=06.0|bat=15.0,perfect,12.0,6.0,15.0,85.5699230724901,3166.1884093972094,3548.6266190411566,85.46088457173337,3553.503489793721,236.90023265291475,0.7060509491676987,0.8106234215970243,614.3775402944407,1630.8635836842561
perfect|w=12.0|pv=06.0|bat=20.0,perfect,12.0,6.0,20.0,-7.494434359240017,3111.8980391213818,3431.4031330386642,76.02605152230515,4245.293990003185,212.26469950015925,0.8054937154048156,0.810967778442771,707.4418977261709,847.3585074395617
perfect|w=12.0|pv=12.0|bat=00.0,perfect,12.0,12.0,0.0,150.6757334783773,4602.277523801689,12114.873292944274,515.9153255503627,0.0,NaN,0.12538891437868185,0.3456899805482828,0.0,NaN
perfect|w=12.0|pv=12.0|bat=05.0,perfect,12.0,12.0,5.0,-183.66765609117067,3197.5816105320664,10588.410207169456,463.38700087495357,1635.2737046717373,327.0547409343475,0.24615206846674012,0.7732117319105698,334.343389569548,1970.3846179872107
perfect|w=12.0|pv=12.0|bat=10.0,perfect,12.0,12.0,10.0,-379.46842906080275,2730.2694481202025,10063.261066749348,380.67771375821957,2958.150671597813,295.8150671597813,0.34665277205350276,0.8666941500858681,530.1441625391801,2529.803206995933
perfect|w=12.0|pv=12.0|bat=15.0,perfect,12.0,12.0,15.0,-530.8088195463497,2581.5092777524756,9879.858214776046,296.7717775214116,4077.4083906003852,271.82722604002566,0.42921482342808004,0.8699062832354373,681.484553024727,2508.055911527508
perfect|w=12.0|pv=12.0|bat=20.0,perfect,12.0,12.0,20.0,-663.7674107752662,2518.9661161054255,9769.83314310138,235.28737435327497,5107.968366591846,255.3984183295923,0.5049058301334565,0.8703454897156444,814.4431442536435,2246.0301023264374
perfect|w=24.0|pv=00.0|bat=00.0,perfect,24.0,0.0,0.0,1338.814211402097,6339.13043478261,0.0,0.0,0.0,NaN,NaN,0.0,0.0,NaN
perfect|w=24.0|pv=00.0|bat=05.0,perfect,24.0,0.0,5.0,1183.5974697080621,6495.047711296076,29.835329572846057,0.0,1188.9893037324032,237.79786074648064,NaN,0.3311868497598735,155.2167416940349,-371.07739672359537
perfect|w=24.0|pv=00.0|bat=10.0,perfect,24.0,0.0,10.0,1106.1524778895882,6657.244876870831,121.64499083310906,0.0,1862.4479975152608,186.24479975152607,NaN,0.45844690547130384,232.66173351250882,-1358.7517113874474
perfect|w=24.0|pv=00.0|bat=15.0,perfect,24.0,0.0,15.0,1057.8009118126622,6850.997587199506,268.12591043291036,0.0,2321.938162979975,154.79587753199834,NaN,0.4718041993277456,281.01329958943484,-2726.722045987906
perfect|w=24.0|pv=00.0|bat=20.0,perfect,24.0,0.0,20.0,1013.5938939527456,7051.44251556346,424.71685069301213,0.0,2749.79174517204,137.489587258602,NaN,0.48100290342450386,325.22031744935146,-4148.868028563473
perfect|w=24.0|pv=06.0|bat=00.0,perfect,24.0,6.0,0.0,634.000800561844,4672.436183128888,5297.744495299596,219.38201778446006,0.0,NaN,0.23931494154971766,0.3152856896267605,0.0,NaN
perfect|w=24.0|pv=06.0|bat=05.0,perfect,24.0,6.0,5.0,305.94726255018855,3334.7329397949343,3868.0210147972684,146.734815535837,1546.1524520393814,309.2304904078763,0.45852983212446075,0.7304122299431076,328.05353801165546,1888.1665411368583
perfect|w=24.0|pv=06.0|bat=10.0,perfect,24.0,6.0,10.0,115.30992406743422,2626.0544872755486,3075.0261432003754,105.20264334334388,2732.9817199488734,273.29817199488735,0.6320801259815897,0.8304991087441244,518.6908764944098,2380.0910645787762
perfect|w=24.0|pv=06.0|bat=15.0,perfect,24.0,6.0,15.0,-17.63093032984017,2243.619528849521,2616.2840937332103,86.09478227495582,3638.1047381934645,242.5403158795643,0.7592016041679668,0.8323730906357892,651.6317308916841,2117.833407587081
perfect|w=24.0|pv=06.0|bat=20.0,perfect,24.0,6.0,20.0,-104.46500547955418,2204.8661855640453,2518.5369392936395,75.41416219496514,4304.962935001283,215.24814675006414,0.8479465552587065,0.8331932412346262,738.4658060413982,1252.8889169543904
perfect|w=24.0|pv=12.0|bat=00.0,perfect,24.0,12.0,0.0,75.79095256235883,4232.429854945391,11804.631995266125,456.3089543722122,0.0,NaN,0.15143772664938732,0.3456899805482828,0.0,NaN
perfect|w=24.0|pv=12.0|bat=05.0,perfect,24.0,12.0,5.0,-260.438009131198,2810.8778971996044,10273.609889488205,392.87255423086015,1622.4170228366331,324.4834045673266,0.2706692843660389,0.77029278688933,336.2289616935568,1995.031958607533
perfect|w=24.0|pv=12.0|bat=10.0,perfect,24.0,12.0,10.0,-481.63343479759214,1956.4694336207158,9336.427128585106,325.839668439139,3031.0168460379377,303.1016846037938,0.3772557678504007,0.8973612179174628,557.424387359951,2886.3978897423963
perfect|w=24.0|pv=12.0|bat=15.0,perfect,24.0,12.0,15.0,-651.0249943732325,1528.428043668163,8849.806170944968,256.289794654629,4238.958599151439,282.59723994342926,0.4666166733387624,0.9042332957014506,726.8159469355913,3100.6072609501057
perfect|w=24.0|pv=12.0|bat=20.0,perfect,24.0,12.0,20.0,-792.813267139244,1371.733827972747,8620.749110713321,214.70731258351037,5315.606365952805,265.7803182976403,0.546406458388983,0.9047875689192949,868.6042197016028,2953.999030128935
perfect|w=48.0|pv=00.0|bat=00.0,perfect,48.0,0.0,0.0,1278.2406360368796,6339.13043478261,0.0,0.0,0.0,NaN,NaN,0.0,0.0,NaN
perfect|w=48.0|pv=00.0|bat=05.0,perfect,48.0,0.0,5.0,1122.4458475598187,6494.065052698696,29.83532957284606,0.0,1179.893412613059,235.9786825226118,NaN,0.32858802372577506,155.79478847706082,-363.52143226362506
perfect|w=48.0|pv=00.0|bat=10.0,perfect,48.0,0.0,10.0,1042.0478234988761,6650.263737834919,114.90965948638305,0.0,1860.1727006999909,186.01727006999909,NaN,0.46954243541857654,236.1928125380034,-1312.595053474194
perfect|w=48.0|pv=00.0|bat=15.0,perfect,48.0,0.0,15.0,986.4764956872692,6834.368647903586,251.12944323703533,0.0,2325.34015200263,155.02267680017533,NaN,0.5109110452122472,291.76414034961033,-2586.191948625454
perfect|w=48.0|pv=00.0|bat=20.0,perfect,48.0,0.0,20.0,939.5077158081644,7081.735791489615,456.0418680679819,0.0,2740.241523043268,137.0120761521634,NaN,0.534590524299829,338.7329202287151,-3972.23743505321
perfect|w=48.0|pv=06.0|bat=00.0,perfect,48.0,6.0,0.0,539.8589374961185,4273.259213724648,4920.82594083297,197.12360284684613,0.0,NaN,0.29568638416536697,0.3152856896267605,0.0,NaN
perfect|w=48.0|pv=06.0|bat=05.0,perfect,48.0,6.0,5.0,223.93660875490087,3027.146734382715,3565.1419143319654,144.6236028468461,1522.123808318588,304.4247616637176,0.5015732709639196,0.7242992934415758,315.92232874121765,1729.5928948585113
perfect|w=48.0|pv=06.0|bat=10.0,perfect,48.0,6.0,10.0,43.581577824214776,2386.553165119298,2845.6215822073214,103.00688647880483,2659.8467827228405,265.98467827228404,0.660174443040105,0.8257049945895242,496.27735967190375,2087.1117737897707
perfect|w=48.0|pv=06.0|bat=15.0,perfect,48.0,6.0,15.0,-80.24856843782305,2152.529739649598,2539.5381557971914,82.70797972371183,3536.6818001096094,235.77878667397397,0.7780158455073515,0.8406682172983635,620.1075059339416,1705.7630866315435
perfect|w=48.0|pv=06.0|bat=20.0,perfect,48.0,6.0,20.0,-165.87072122554272,2154.5698605775897,2484.158040044964,72.3937164665355,4185.5831969660085,209.27915984830042,0.8644095814110058,0.8441255644932801,705.7296587216613,824.9768984678368
perfect|w=48.0|pv=12.0|bat=00.0,perfect,48.0,12.0,0.0,-17.076972510346195,3807.10895700347,11383.6003945573,452.0196571391168,0.0,NaN,0.181955323377439,0.3456899805482828,0.0,NaN
perfect|w=48.0|pv=12.0|bat=05.0,perfect,48.0,12.0,5.0,-353.91387526574647,2391.221477105447,9873.258783184963,374.85675924452386,1610.4807077480773,322.0961415496155,0.30020966090863466,0.7679964341655359,336.8369027554003,2002.9786874743552
perfect|w=48.0|pv=12.0|bat=10.0,perfect,48.0,12.0,10.0,-568.7446082592804,1605.9698700382517,9004.71455223956,311.34505174085695,2991.284903359785,299.1284903359785,0.4054369798238571,0.8934838146204359,551.6676357489342,2811.148252766615
perfect|w=48.0|pv=12.0|bat=15.0,perfect,48.0,12.0,15.0,-734.8243754412658,1273.8731631289381,8600.990683633425,254.72060751364458,4200.357460759193,280.0238307172795,0.4966707395039776,0.9092150786315853,717.7474029309196,2982.067381108056
perfect|w=48.0|pv=12.0|bat=20.0,perfect,48.0,12.0,20.0,-873.9179691189779,1162.6864337074878,8413.283027754498,218.27513047838755,5267.943913602181,263.39719568010906,0.576282261113579,0.9111055244255586,856.8409966086317,2800.235531680048
poor|w=06.0|pv=00.0|bat=00.0,poor,6.0,0.0,0.0,1378.9992010151407,6339.13043478261,0.0,0.0,0.0,NaN,NaN,0.0,0.0,NaN
poor|w=06.0|pv=00.0|bat=05.0,poor,6.0,0.0,5.0,1251.6271102504945,6479.221134642083,30.881617079613697,0.0,1032.8071508597252,206.56143017194503,NaN,0.286264438222889,127.37209076464615,-735.0500006733749
poor|w=06.0|pv=00.0|bat=10.0,poor,6.0,0.0,10.0,1226.8324215218124,6632.756406813162,165.49777168478062,0.0,1229.8533416621453,122.98533416621453,NaN,0.30410006411140117,152.16677949332825,-2410.9451144750124
poor|w=06.0|pv=00.0|bat=15.0,poor,6.0,0.0,15.0,1206.5783494933721,6813.043836244555,328.94069864820625,0.0,1407.6960439938466,93.84640293292311,NaN,0.3082158129558973,172.42085152176855,-4146.193103201025
poor|w=06.0|pv=00.0|bat=20.0,poor,6.0,0.0,20.0,1187.4494326847607,7006.95420206788,505.9745808753674,0.0,1585.834776768589,79.29173883842945,NaN,0.30852995723021737,191.54976833037995,-5896.1486088661895
poor|w=06.0|pv=06.0|bat=00.0,poor,6.0,6.0,0.0,705.4963777822684,5029.234386009261,5631.539961916428,242.38475404800036,0.0,NaN,0.18870678152994796,0.3152856896267605,0.0,NaN
poor|w=06.0|pv=06.0|bat=05.0,poor,6.0,6.0,5.0,394.7819542481866,3825.3629452647965,4358.619173545785,151.79206668242952,1499.6352469749193,299.92704939498384,0.39984080788932197,0.7040007143749413,310.7144235340818,1661.5175282765513
poor|w=06.0|pv=06.0|bat=10.0,poor,6.0,6.0,10.0,269.4132219927648,3786.9430043634757,4261.993670235729,109.98607286807824,2447.3063186809195,244.73063186809196,0.5360660368886085,0.7333973221904125,436.08315578950356,1300.2805369637015
poor|w=06.0|pv=06.0|bat=15.0,poor,6.0,6.0,15.0,185.25653709302242,3819.9351081553905,4259.9436912289675,76.63749837559214,3102.281377196553,206.8187584797702,0.6297645127567121,0.734516821750612,520.239840689246,400.3384195500836
poor|w=06.0|pv=06.0|bat=20.0,poor,6.0,6.0,20.0,133.4863820915649,3875.857820637726,4280.9353784565365,70.49806457394362,3504.3694725649057,175.21847362824528,0.6837871659534259,0.7342894291198552,572.0099956907035,-922.945676539038
poor|w=06.0|pv=12.0|bat=00.0,poor,6.0,12.0,0.0,156.40136249981322,4623.009984138979,12136.541404153475,514.9796746784511,0.0,NaN,0.12388380432814412,0.3456899805482828,0.0,NaN
poor|w=06.0|pv=12.0|bat=05.0,poor,6.0,12.0,5.0,-174.4337216942614,3303.9885920903007,10788.162056670415,374.0932225994634,1597.7751567262953,319.55503134525907,0.24228898844714578,0.7491193676984427,330.8350841940746,1924.5256468620132
poor|w=06.0|pv=12.0|bat=10.0,poor,6.0,12.0,10.0,-324.855529524831,3228.1410821512663,10649.322046886926,314.9001600945653,2750.697926165196,275.0697926165196,0.32777682178831236,0.7875793963114102,481.25689202464423,1890.7710570043337
poor|w=06.0|pv=12.0|bat=15.0,poor,6.0,12.0,15.0,-448.87172464171465,3275.095031433956,10648.791521016085,254.2041135500461,3773.9842936779078,251.59895291186052,0.4024755938095547,0.7901880217646722,605.2730871415279,1511.8543157998117
poor|w=06.0|pv=12.0|bat=20.0,poor,6.0,12.0,20.0,-558.0676841478925,3327.109191328451,10646.881982828807,214.7394866720511,4660.348019587549,233.01740097937744,0.4669909316039403,0.7898351936295315,714.4690466477057,939.2141998596222
poor|w=12.0|pv=00.0|bat=00.0,poor,12.0,0.0,0.0,1374.4181283890534,6339.13043478261,0.0,0.0,0.0,NaN,NaN,0.0,0.0,NaN
poor|w=12.0|pv=00.0|bat=05.0,poor,12.0,0.0,5.0,1226.4080864056648,6490.460171413004,28.667950809679876,0.0,1157.3308892635323,231.46617785270647,NaN,0.3223955784434311,148.01004198338865,-465.2800953395632
poor|w=12.0|pv=00.0|bat=10.0,poor,12.0,0.0,10.0,1183.0992825262572,6673.585402408888,174.67077820053916,0.0,1522.874163658761,152.2874163658761,NaN,0.38033755732178387,191.31884586279625,-1899.1671222621765
poor|w=12.0|pv=00.0|bat=15.0,poor,12.0,0.0,15.0,1156.2495788453068,6891.854371335321,369.38549198450244,0.0,1762.8250894646958,117.52167263097972,NaN,0.38502596186565796,218.16854954374662,-3548.2000159113836
poor|w=12.0|pv=00.0|bat=20.0,poor,12.0,0.0,20.0,1130.9402223870193,7099.929110730245,555.3931715795395,0.0,1989.009925048274,99.4504962524137,NaN,0.38787714005629426,243.47790600203416,-5217.367627393511
poor|w=12.0|pv=06.0|bat=00.0,poor,12.0,6.0,0.0,702.4286328080696,5027.522423570799,5632.956108433812,239.25664509215525,0.0,NaN,0.18886829880386238,0.3152856896267605,0.0,NaN
poor|w=12.0|pv=06.0|bat=05.0,poor,12.0,6.0,5.0,378.72391304593293,3694.8178067071617,4196.5104643886525,176.69790965197484,1561.2619052931896,312.2523810586379,0.4132329047093088,0.7297123421895799,323.7047197621366,1831.3207682666716
poor|w=12.0|pv=06.0|bat=10.0,poor,12.0,6.0,10.0,208.96827765768455,3313.5422238293295,3754.55118550625,116.44876196861924,2702.5889968660435,270.25889968660437,0.5811847269007655,0.8040918423230494,493.460355150385,2050.289172794141
poor|w=12.0|pv=06.0|bat=15.0,poor,12.0,6.0,15.0,89.48694203575565,3191.420321713671,3573.681240967311,85.57809750484063,3554.05959138473,236.93730609231534,0.7042732125264566,0.8056487507144775,612.9416907723139,1612.0948122324673
poor|w=12.0|pv=06.0|bat=20.0,poor,12.0,6.0,20.0,-3.4109572967832946,3141.2454251960553,3461.339672590546,75.80524769749297,4241.884394502813,212.09421972514065,0.802770502078135,0.8060453564317408,705.8395901048528,826.4138714755968
poor|w=12.0|pv=12.0|bat=00.0,poor,12.0,12.0,0.0,152.34276262489118,4618.766572466173,12134.455356364515,512.8223107946026,0.0,NaN,0.12417079105563558,0.3456899805482828,0.0,NaN
poor|w=12.0|pv=12.0|bat=05.0,poor,12.0,12.0,5.0,-179.30987859758045,3238.8199591602734,10629.936233958275,463.26265929247,1633.7617942946986,326.7523588589397,0.24425774514151835,0.7676282558425496,331.65264122247163,1935.2123802406325
poor|w=12.0|pv=12.0|bat=10.0,poor,12.0,12.0,10.0,-374.6698581688464,2770.3127626278224,10103.533598909054,380.72748048003467,2955.5682777778497,295.556827777785,0.34456825172090944,0.860602246448711,527.0126207937376,2488.8691185652133
poor|w=12.0|pv=12.0|bat=15.0,poor,12.0,12.0,15.0,-525.7296628040465,2623.618454879506,9921.986137147036,296.85906201001666,4076.426935896379,271.76179572642525,0.42724132993195635,0.8638923556336717,678.0724254289377,2463.4541325647297
poor|w=12.0|pv=12.0|bat=20.0,poor,12.0,12.0,20.0,-658.431995582508,2560.6326062041835,9809.653311770366,237.301248133145,5106.417433299918,255.3208716649959,0.5025552127833955,0.8642229841696638,810.7747582073991,2198.0786295307994
poor|w=24.0|pv=00.0|bat=00.0,poor,24.0,0.0,0.0,1338.814211402097,6339.13043478261,0.0,0.0,0.0,NaN,NaN,0.0,0.0,NaN
poor|w=24.0|pv=00.0|bat=05.0,poor,24.0,0.0,5.0,1184.8058317887464,6494.2874086833,29.854753536107363,0.0,1181.7718346567704,236.35436693135406,NaN,0.3286828514665611,154.0083796133506,-386.87255587772404
poor|w=24.0|pv=00.0|bat=10.0,poor,24.0,0.0,10.0,1111.0716100039974,6656.979455549346,124.28926087003964,0.0,1835.5147005822485,183.55147005822485,NaN,0.44472640256389945,227.74260139809962,-1423.052367531236
poor|w=24.0|pv=00.0|bat=15.0,poor,24.0,0.0,15.0,1061.8741122005208,6853.502534669995,272.37374821459355,0.0,2305.805255227643,153.72035034850953,NaN,0.461570435630932,276.94009920157623,-2779.9650676130527
poor|w=24.0|pv=00.0|bat=20.0,poor,24.0,0.0,20.0,1019.0508288702439,7057.009710162267,433.49115350877133,0.0,2720.1054357792273,136.00527178896135,NaN,0.4708592818290723,319.76338253185315,-4220.198598177831
poor|w=24.0|pv=06.0|bat=00.0,poor,24.0,6.0,0.0,635.8447346832727,4675.330119861093,5310.931296343217,209.08915347304537,0.0,NaN,0.23854685852489999,0.3152856896267605,0.0,NaN
poor|w=24.0|pv=06.0|bat=05.0,poor,24.0,6.0,5.0,309.3345961424451,3353.2062805412916,3887.4726477828444,146.77627390484415,1536.7132220504175,307.3426444100835,0.4569951723971877,0.7219529297923961,326.5101385408276,1867.9919257051015
poor|w=24.0|pv=06.0|bat=10.0,poor,24.0,6.0,10.0,121.49641757514416,2665.4805859112357,3115.4021380412423,106.18381354564673,2715.1069770488466,271.51069770488465,0.628381189525305,0.8173733854925436,514.3483171081285,2323.3271047202184
poor|w=24.0|pv=06.0|bat=15.0,poor,24.0,6.0,15.0,-10.453577246274847,2282.6389475133565,2657.218852968364,86.06997583690534,3620.605178652193,241.37367857681286,0.7544681528835698,0.8229773988154031,646.2983119295475,2048.1173823251124
poor|w=24.0|pv=06.0|bat=20.0,poor,24.0,6.0,20.0,-95.31480405247453,2250.1241615912027,2565.956865840674,76.30251217932697,4276.728102128711,213.83640510643554,0.8403443851746553,0.8242052706459982,731.1595387357472,1157.3847160529476
poor|w=24.0|pv=12.0|bat=00.0,poor,24.0,12.0,0.0,79.60401208266808,4263.866640929444,11820.587548472782,471.79018714960796,0.0,NaN,0.14934412744701972,0.3456899805482828,0.0,NaN
poor|w=24.0|pv=12.0|bat=05.0,poor,24.0,12.0,5.0,-256.2441142613035,2840.516258487446,10303.621884999638,393.002942306332,1617.7515856581163,323.5503171316233,0.26931674341629375,0.7626366468371479,335.84812634397156,1990.0538522482123
poor|w=24.0|pv=12.0|bat=10.0,poor,24.0,12.0,10.0,-474.9803811032058,2012.4802102282956,9394.81667039181,325.8894351609541,3008.537358256922,300.8537358256922,0.3746281785854001,0.8796993936212967,554.5843931858739,2849.2747784718563
poor|w=24.0|pv=12.0|bat=15.0,poor,24.0,12.0,15.0,-644.4209492369085,1592.4710576393736,8914.582137034751,256.4077601134559,4231.082156960653,282.0721437973769,0.46384490322758665,0.8911087534058126,724.0249613195766,3064.1247672451805
poor|w=24.0|pv=12.0|bat=20.0,poor,24.0,12.0,20.0,-786.4673522286851,1437.7711204504435,8684.606436314449,216.71493874421682,5317.201622322709,265.86008111613546,0.5439568574853683,0.8924181604835869,866.0713643113531,2920.8906972518166
poor|w=48.0|pv=00.0|bat=00.0,poor,48.0,0.0,0.0,1278.2406360368796,6339.13043478261,0.0,0.0,0.0,NaN,NaN,0.0,0.0,NaN
poor|w=48.0|pv=00.0|bat=05.0,poor,48.0,0.0,5.0,1123.4330611811936,6493.619968976319,29.84482714102338,0.0,1175.6856216928,235.13712433856,NaN,0.32699959185412625,154.80757485568597,-376.425839409461
poor|w=48.0|pv=00.0|bat=10.0,poor,48.0,0.0,10.0,1044.5908365357666,6654.5391094725555,120.58801400162258,0.0,1847.1861156021644,184.71861156021643,NaN,0.4610659459817579,233.64979950111297,-1345.8361624851295
poor|w=48.0|pv=00.0|bat=15.0,poor,48.0,0.0,15.0,990.2305198571814,6845.9639411086355,265.0983603840947,0.0,2303.36891500096,153.55792766673068,NaN,0.4979359602936808,288.0101161796981,-2635.262843997002
poor|w=48.0|pv=00.0|bat=20.0,poor,48.0,0.0,20.0,943.7486042102547,7092.309551438797,468.8674088548179,0.0,2719.3981158024235,135.96990579012117,NaN,0.5227983266623661,334.49203182662484,-4027.672398080169
poor|w=48.0|pv=06.0|bat=00.0,poor,48.0,6.0,0.0,540.8522944986042,4277.999479444005,4924.08583104623,198.6039783529441,0.0,NaN,0.2950704349442721,0.3152856896267605,0.0,NaN
poor|w=48.0|pv=06.0|bat=05.0,poor,48.0,6.0,5.0,227.76336222515556,3050.5274710939584,3588.68586504826,144.86599646414396,1518.369337763001,303.6738675526002,0.49956580587979205,0.716819379187497,313.0889322734487,1692.5560258020018
poor|w=48.0|pv=06.0|bat=10.0,poor,48.0,6.0,10.0,50.562118786167446,2442.6421366563422,2903.3731278953383,103.61054045473982,2638.8696454455703,263.88696454455703,0.6573747860683777,0.8078880566871223,490.2901757124368,2008.8500300322464
poor|w=48.0|pv=06.0|bat=15.0,poor,48.0,6.0,15.0,-70.39543918771636,2219.570370619752,2611.2070737742715,82.68939753373486,3494.0124811629767,232.93416541086512,0.7737786816865313,0.8209185394656665,611.2477336863205,1589.9521761788974
poor|w=48.0|pv=06.0|bat=20.0,poor,48.0,6.0,20.0,-155.55233918343004,2216.1657663900496,2550.3960155741333,73.28087960857489,4134.402349222206,206.7201174611103,0.8570399716639038,0.8260100460593245,696.4046336820343,703.084415269648
poor|w=48.0|pv=12.0|bat=00.0,poor,48.0,12.0,0.0,-14.866218815259572,3818.151875537425,11391.809440084458,454.85353014591226,0.0,NaN,0.18119866121489464,0.3456899805482828,0.0,NaN
poor|w=48.0|pv=12.0|bat=05.0,poor,48.0,12.0,5.0,-349.2520014861837,2416.4583813697254,9898.255040588505,375.28798132255986,1608.7166653520687,321.74333307041377,0.2994329760801663,0.7604355593611011,334.38578267092413,1970.9387613139315
poor|w=48.0|pv=12.0|bat=10.0,poor,48.0,12.0,10.0,-560.0412225054929,1673.5235444156344,9070.8087939216,315.67498943358066,2964.7143314609525,296.47143314609525,0.40275494201849465,0.8745564501091508,545.1750036902333,2726.279521501646
poor|w=48.0|pv=12.0|bat=15.0,poor,48.0,12.0,15.0,-724.3841466045722,1368.4803014528197,8696.836127289966,257.8661197195239,4159.779047133241,277.3186031422161,0.49174794956597495,0.8900833623582853,709.5179277893126,2874.495427556674
poor|w=48.0|pv=12.0|bat=20.0,poor,48.0,12.0,20.0,-863.6078197365002,1248.9123126795398,8498.991708439768,222.555971219824,5233.106094983457,261.65530474917284,0.5711460415514598,0.8963322953698893,848.7416009212407,2694.3639175508206
pv-only|w=06.0|pv=00.0|bat=00.0,pv-only,6.0,0.0,0.0,1378.9992010151407,6339.13043478261,0.0,0.0,0.0,NaN,NaN,0.0,0.0,NaN
pv-only|w=06.0|pv=00.0|bat=05.0,pv-only,6.0,0.0,5.0,1249.9808858824854,6480.267015050251,30.61340574891252,0.0,1044.9709231092547,208.99418462185093,NaN,0.2898164335315263,129.0183151326553,-713.5313049845929
pv-only|w=06.0|pv=00.0|bat=10.0,pv-only,6.0,0.0,10.0,1225.6486658525737,6632.972083940226,164.8408177038465,0.0,1237.930773200275,123.7930773200275,NaN,0.30659713014183676,153.35053516256698,-2395.471599132128
pv-only|w=06.0|pv=00.0|bat=15.0,pv-only,6.0,0.0,15.0,1205.3596139124818,6813.5842527375335,328.56934285153187,0.0,1416.1357823672984,94.40905215781989,NaN,0.31073326843307614,173.63958710265888,-4130.262346373517
pv-only|w=06.0|pv=00.0|bat=20.0,pv-only,6.0,0.0,20.0,1186.1900698395568,7007.4855059730235,505.549874398921,0.0,1594.6840010699684,79.73420005349843,NaN,0.31118117904887066,192.80913117558384,-5879.686790930356
pv-only|w=06.0|pv=06.0|bat=00.0,pv-only,6.0,6.0,0.0,704.8370726915856,5021.709409819829,5627.066947219658,239.33279255533802,0.0,NaN,0.1897074385095027,0.3152856896267605,0.0,NaN
pv-only|w=06.0|pv=06.0|bat=05.0,pv-only,6.0,6.0,5.0,392.99516101472864,3808.9872051354314,4342.0961301750385,151.79206668242952,1500.9987462092392,300.1997492418478,0.40111245605524126,0.7066485577051197,311.84191167685697,1676.25554012267
pv-only|w=06.0|pv=06.0|bat=10.0,pv-only,6.0,6.0,10.0,267.819204336232,3774.011798024081,4249.15432628666,109.98607286807824,2446.456002708927,244.6456002708927,0.5369123840437814,0.7351817363319461,437.0178683553536,1312.4986742066403
pv-only|w=06.0|pv=06.0|bat=15.0,pv-only,6.0,6.0,15.0,183.6624599669767,3806.217763985096,4246.06955344718,76.65608056556913,3103.560718816236,206.90404792108242,0.6309265571688962,0.7365447556064896,521.1746127246089,412.5573341514295
pv-only|w=06.0|pv=06.0|bat=20.0,pv-only,6.0,6.0,20.0,131.972750994252,3862.5377849046818,4267.6621854595,70.5166467639206,3503.763872609001,175.18819363045003,0.6846357181558846,0.7362592746955563,572.8643216973336,-911.7783158117046
pv-only|w=06.0|pv=12.0|bat=00.0,pv-only,6.0,12.0,0.0,156.6285115175035,4623.338209401327,12127.69324887695,524.1560552173213,0.0,NaN,0.12394221300493828,0.3456899805482828,0.0,NaN
pv-only|w=06.0|pv=12.0|bat=05.0,pv-only,6.0,12.0,5.0,-176.39488187329846,3284.2730751693316,10768.572618728542,374.0932225994634,1596.608117971081,319.3216235942162,0.2431666582735528,0.7509978534523803,333.02339339080197,1953.1302287115006
pv-only|w=06.0|pv=12.0|bat=10.0,pv-only,6.0,12.0,10.0,-326.5481382719754,3211.9361676179074,10633.31663509344,314.9001600945653,2748.8512469576403,274.88512469576403,0.32843695414191376,0.7891470929632693,483.1766497894789,1915.8652567625427
pv-only|w=06.0|pv=12.0|bat=15.0,pv-only,6.0,12.0,15.0,-450.42380979388736,3260.5742698057247,10634.575271013726,254.22269574002303,3770.993604767107,251.39957365114049,0.40304816539471894,0.7912651321869961,607.0523213113909,1535.1116550813747
pv-only|w=06.0|pv=12.0|bat=20.0,pv-only,6.0,12.0,20.0,-559.627198387808,3312.011110530665,10631.974675013498,214.75806886202807,4658.410142222017,232.92050711110087,0.46764546133719903,0.7910901755337283,716.2557099053115,962.5686487949413
pv-only|w=12.0|pv=00.0|bat=00.0,pv-only,12.0,0.0,0.0,1374.4181283890534,6339.13043478261,0.0,0.0,0.0,NaN,NaN,0.0,0.0,NaN
pv-only|w=12.0|pv=00.0|bat=05.0,pv-only,12.0,0.0,5.0,1224.0468759715486,6492.514056081797,28.889685648580027,0.0,1174.2900197402405,234.8580039480481,NaN,0.327257238311903,150.37125241750482,-434.415427207862
pv-only|w=12.0|pv=00.0|bat=10.0,pv-only,12.0,0.0,10.0,1180.135965099501,6676.430254245368,175.8690228243409,0.0,1538.1158355504729,153.8115835550473,NaN,0.3851064643523168,194.2821632895525,-1860.4319855610072
pv-only|w=12.0|pv=00.0|bat=15.0,pv-only,12.0,0.0,15.0,1153.9549776964677,6888.48872766686,365.3745198096431,0.0,1768.7985148700755,117.91990099133837,NaN,0.38973492738409954,220.4631506925857,-3518.2060340407897
pv-only|w=12.0|pv=00.0|bat=20.0,pv-only,12.0,0.0,20.0,1128.6001492701203,7095.572893314324,550.4384882965347,0.0,1994.5495706384531,99.72747853192266,NaN,0.3923596723889889,245.81797911893318,-5186.779256652199
pv-only|w=12.0|pv=06.0|bat=00.0,pv-only,12.0,6.0,0.0,700.7485491609681,5022.698214143355,5628.03869075705,239.34985334147126,0.0,NaN,0.1895655172921682,0.3152856896267605,0.0,NaN
pv-only|w=12.0|pv=06.0|bat=05.0,pv-only,12.0,6.0,5.0,376.1767359355913,3672.327345421568,4173.923868885233,176.67787136436243,1562.3372456640404,312.4674491328081,0.41457211574492275,0.7345847403278764,324.5718132253768,1842.65501937593
pv-only|w=12.0|pv=06.0|bat=10.0,pv-only,12.0,6.0,10.0,206.65431514477814,3297.2929753677545,3739.152428615753,115.96092312406418,2699.232134448741,269.9232134448741,0.5820128354406692,0.8089316204414361,494.09423401618994,2058.5749488292163
pv-only|w=12.0|pv=06.0|bat=15.0,pv-only,12.0,6.0,15.0,86.75450761173539,3170.9531168397307,3553.292305807773,85.97857625974184,3549.6280991432195,236.64187327621462,0.7049426499569793,0.8104344345701306,613.9940415492326,1625.8506626295507
pv-only|w=12.0|pv=06.0|bat=20.0,pv-only,12.0,6.0,20.0,-6.118246458382373,3118.126628748525,3437.1349370624735,77.09144367761117,4240.030734483662,212.0015367241831,0.8040683092958015,0.8107951338572916,706.8667956193505,839.8410344467327
pv-only|w=12.0|pv=12.0|bat=00.0,pv-only,12.0,12.0,0.0,152.89811595630113,4616.576439708834,12124.516575117861,520.5709592839196,0.0,NaN,0.12439844126900668,0.3456899805482828,0.0,NaN
pv-only|w=12.0|pv=12.0|bat=05.0,pv-only,12.0,12.0,5.0,-182.28467422385484,3208.225881916762,10598.014938632261,464.40918646270603,1635.434343508235,327.086868701647,0.2454047380421194,0.7731178163163103,335.18279018015596,1981.3568807307731
pv-only|w=12.0|pv=12.0|bat=10.0,pv-only,12.0,12.0,10.0,-378.2207849622988,2740.870785438577,10073.868357926694,380.70150686360154,2957.8753214918593,295.78753214918595,0.3458868511184219,0.8666053148947208,531.1189009185999,2542.5445434568187
pv-only|w=12.0|pv=12.0|bat=15.0,pv-only,12.0,12.0,15.0,-529.3885751216363,2592.7621179502603,9891.239770866565,296.79522523479164,4075.9999018361095,271.73332678907394,0.4283178656397838,0.8697362195707345,682.2866910779375,2518.541095080163
pv-only|w=12.0|pv=12.0|bat=20.0,pv-only,12.0,12.0,20.0,-662.2672468813957,2528.949715369195,9778.988569287463,236.27403706877055,5106.501321482876,255.3250660741438,0.5038618297265446,0.8700897080832648,815.1653628376969,2255.470614952199
pv-only|w=24.0|pv=00.0|bat=00.0,pv-only,24.0,0.0,0.0,1338.814211402097,6339.13043478261,0.0,0.0,0.0,NaN,NaN,0.0,0.0,NaN
pv-only|w=24.0|pv=00.0|bat=05.0,pv-only,24.0,0.0,5.0,1183.5974697080621,6495.047711296076,29.835329572846057,0.0,1188.9893037324032,237.79786074648064,NaN,0.3311868497598735,155.2167416940349,-371.07739672359537
pv-only|w=24.0|pv=00.0|bat=10.0,pv-only,24.0,0.0,10.0,1106.1524778895882,6657.244876870831,121.64499083310918,0.0,1862.4479975152608,186.24479975152607,NaN,0.45844690547130384,232.66173351250882,-1358.7517113874474
pv-only|w=24.0|pv=00.0|bat=15.0,pv-only,24.0,0.0,15.0,1057.8009118126622,6850.997587199507,268.1259104329105,0.0,2321.938162979975,154.79587753199834,NaN,0.4718041993277456,281.01329958943484,-2726.722045987906
pv-only|w=24.0|pv=00.0|bat=20.0,pv-only,24.0,0.0,20.0,1013.5938939527456,7051.44251556346,424.71685069301225,0.0,2749.79174517204,137.489587258602,NaN,0.48100290342450386,325.22031744935146,-4148.868028563473
pv-only|w=24.0|pv=06.0|bat=00.0,pv-only,24.0,6.0,0.0,634.4281623544085,4668.6139433546805,5300.54103458919,212.76323872065882,0.0,NaN,0.2396360215352248,0.3152856896267605,0.0,NaN
pv-only|w=24.0|pv=06.0|bat=05.0,pv-only,24.0,6.0,5.0,306.47414621173425,3337.286628384467,3870.655919055779,146.75116059109925,1545.2493899508981,309.04987799017965,0.4581509491267407,0.7301112468986415,327.9540161426743,1886.8656365611507
pv-only|w=24.0|pv=06.0|bat=10.0,pv-only,24.0,6.0,10.0,116.22947529274921,2629.714615764364,3078.558992720092,105.69597470109166,2729.5933888642003,272.95933888642,0.6315457605060323,0.8295517002260818,518.1986870616593,2373.657388325154
pv-only|w=24.0|pv=06.0|bat=15.0,pv-only,24.0,6.0,15.0,-16.18387414510221,2248.787436641949,2621.7120600715234,86.09478227495582,3635.69752960206,242.379835306804,0.7583598471537044,0.8312478820847018,650.6120364995107,2104.504426588415
pv-only|w=24.0|pv=06.0|bat=20.0,pv-only,24.0,6.0,20.0,-102.4163558579948,2211.0911290688373,2525.2099174949317,75.78564664640611,4297.3771295549595,214.86885647774798,0.8459299079614527,0.8320872101928086,736.8445182124033,1231.6961803541785
pv-only|w=24.0|pv=12.0|bat=00.0,pv-only,24.0,12.0,0.0,78.92520337252108,4248.689634364907,11811.20130439325,465.99942466460277,0.0,NaN,0.1503736597919077,0.3456899805482828,0.0,NaN
pv-only|w=24.0|pv=12.0|bat=05.0,pv-only,24.0,12.0,5.0,-259.3121586874404,2818.451191506042,10281.236661563024,392.87255423086015,1621.9220106729042,324.38440213458085,0.270114874720855,0.7701145667674738,338.23736205996147,2021.2848541093563
pv-only|w=24.0|pv=12.0|bat=10.0,pv-only,24.0,12.0,10.0,-480.423709924992,1965.7951125176164,9345.667819172546,325.85126680293774,3031.696173483685,303.1696173483685,0.37677530543890025,0.8968335241940666,559.348913297513,2911.5544168843485
pv-only|w=24.0|pv=12.0|bat=15.0,pv-only,24.0,12.0,15.0,-649.214725476495,1542.0416199348542,8863.772609919855,256.3304676036048,4235.315871658142,282.3543914438761,0.46545545486664974,0.9030944606113582,728.1399288490161,3117.9137499354993
pv-only|w=24.0|pv=12.0|bat=20.0,pv-only,24.0,12.0,20.0,-791.1222071957657,1386.9557602082418,8635.212873371087,215.69397529900593,5313.491339728864,265.6745669864432,0.5453472350370698,0.9035467278942041,870.0474105682868,2972.8637642954936
pv-only|w=48.0|pv=00.0|bat=00.0,pv-only,48.0,0.0,0.0,1278.2406360368796,6339.13043478261,0.0,0.0,0.0,NaN,NaN,0.0,0.0,NaN
pv-only|w=48.0|pv=00.0|bat=05.0,pv-only,48.0,0.0,5.0,1122.4458475598187,6494.065052698696,29.83532957284606,0.0,1179.893412613059,235.9786825226118,NaN,0.32858802372577506,155.79478847706082,-363.52143226362506
pv-only|w=48.0|pv=00.0|bat=10.0,pv-only,48.0,0.0,10.0,1042.0478234988761,6650.263737834919,114.90965948638305,0.0,1860.1727006999909,186.01727006999909,NaN,0.46954243541857654,236.1928125380034,-1312.595053474194
pv-only|w=48.0|pv=00.0|bat=15.0,pv-only,48.0,0.0,15.0,986.4764956872692,6834.368647903586,251.12944323703533,0.0,2325.34015200263,155.02267680017533,NaN,0.5109110452122472,291.76414034961033,-2586.191948625454
pv-only|w=48.0|pv=00.0|bat=20.0,pv-only,48.0,0.0,20.0,939.5077158081644,7081.735791489615,456.0418680679819,0.0,2740.241523043268,137.0120761521634,NaN,0.534590524299829,338.7329202287151,-3972.23743505321
pv-only|w=48.0|pv=06.0|bat=00.0,pv-only,48.0,6.0,0.0,540.2542159924031,4276.145902462167,4923.712629570489,197.12360284684613,0.0,NaN,0.29527321487083047,0.3152856896267605,0.0,NaN
pv-only|w=48.0|pv=06.0|bat=05.0,pv-only,48.0,6.0,5.0,224.88838417388962,3031.8076844852244,3570.1608839173,144.62588707012563,1518.7886893979771,303.7577378795954,0.500878393368719,0.7232628168289502,315.3658318185135,1722.3186203646305
pv-only|w=48.0|pv=06.0|bat=10.0,pv-only,48.0,6.0,10.0,44.41054866804109,2391.4219318421415,2850.0220540534397,103.31102509168734,2661.3662804471323,266.13662804471323,0.6600839908872977,0.8244642153808429,495.84366732436206,2081.4427448100887
pv-only|w=48.0|pv=06.0|bat=15.0,pv-only,48.0,6.0,15.0,-79.06276649807842,2159.40477391036,2546.3257192514766,82.70797972371183,3537.4914657798167,235.83276438532113,0.7782266272096826,0.8387394295117122,619.3169824904816,1695.4297239713626
pv-only|w=48.0|pv=06.0|bat=20.0,pv-only,48.0,6.0,20.0,-164.08920152096675,2161.727905391833,2491.4350515408614,72.76520091797646,4181.043380067357,209.05216900336785,0.8632758107538183,0.8426476068280639,704.3434175133699,806.8565843161595
pv-only|w=48.0|pv=12.0|bat=00.0,pv-only,48.0,12.0,0.0,-16.618264383646988,3810.669934525862,11386.93459595733,452.2464332614808,0.0,NaN,0.18170238665696664,0.3456899805482828,0.0,NaN
pv-only|w=48.0|pv=12.0|bat=05.0,pv-only,48.0,12.0,5.0,-352.7595155003677,2395.285197166688,9877.114666491394,375.0187168405148,1610.905384064324,322.1810768128648,0.2999981289502034,0.7678949141888607,336.1412511167207,1993.8854458670453
pv-only|w=48.0|pv=12.0|bat=10.0,pv-only,48.0,12.0,10.0,-567.3209359795596,1614.457526682805,9011.383724728788,313.30496046591276,2989.9758195220375,298.99758195220375,0.4051118452731394,0.8919987777517946,550.7026715959126,2798.534680544643
pv-only|w=48.0|pv=12.0|bat=15.0,pv-only,48.0,12.0,15.0,-732.5854647286635,1286.0925928849265,8612.710832005148,256.10842292137465,4192.13282531121,279.47552168741396,0.4955303369247296,0.9077372137259114,715.9672003450165,2958.797383132777
pv-only|w=48.0|pv=12.0|bat=20.0,pv-only,48.0,12.0,20.0,-871.6794903470918,1171.2998266236223,8420.608592360035,220.27122311188265,5261.387928459468,263.0693964229734,0.5752854652781911,0.9101447871187928,855.0612259634448,2776.9711798372196
typical|w=06.0|pv=00.0|bat=00.0,typical,6.0,0.0,0.0,1378.9992010151407,6339.13043478261,0.0,0.0,0.0,NaN,NaN,0.0,0.0,NaN
typical|w=06.0|pv=00.0|bat=05.0,typical,6.0,0.0,5.0,1250.7149657242092,6479.814903656873,30.751202162680503,0.0,1039.5104944328532,207.90209888657063,NaN,0.28821694064862075,128.28423529093152,-723.1268625721816
typical|w=06.0|pv=00.0|bat=10.0,typical,6.0,0.0,10.0,1226.2523497763434,6632.524819711734,164.9406225749934,0.0,1232.8668771754126,123.28668771754126,NaN,0.30512178702869114,152.74685123879726,-2403.3626806276125
typical|w=06.0|pv=00.0|bat=15.0,typical,6.0,0.0,15.0,1205.9817400222396,6812.922813754173,328.48277067405,0.0,1410.814579369294,94.05430529128627,NaN,0.30923765962721256,173.01746099290108,-4138.394495730603
typical|w=06.0|pv=00.0|bat=20.0,typical,6.0,0.0,20.0,1186.8390807512408,7006.862983452429,505.5200199008622,0.0,1589.1980227075255,79.45990113537627,NaN,0.3096222865161895,192.1601202638999,-5888.1703661820775
typical|w=06.0|pv=06.0|bat=00.0,typical,6.0,6.0,0.0,704.6688103013462,5021.608871722609,5627.923014815387,238.3761868623896,0.0,NaN,0.1896957852427397,0.3152856896267605,0.0,NaN
typical|w=06.0|pv=06.0|bat=05.0,typical,6.0,6.0,5.0,393.6012992819275,3814.9396026670406,4348.096666950044,151.79206668242952,1500.5531496229296,300.1106299245859,0.4007599557024734,0.7054692962402904,311.0675110194187,1666.1329271833665
typical|w=06.0|pv=06.0|bat=10.0,typical,6.0,6.0,10.0,268.32684415135805,3778.5758228742093,4253.559689176073,109.98607286807824,2447.9246429093932,244.79246429093934,0.5368346934456741,0.7344802728484993,436.34196614998814,1303.6635882030087
typical|w=06.0|pv=06.0|bat=15.0,typical,6.0,6.0,15.0,184.20434946146156,3810.854878657732,4250.772150874256,76.6452409547492,3103.054919461172,206.87032796407814,0.6305843825079461,0.7357351518824715,520.4644608398846,403.2745519273524
typical|w=06.0|pv=06.0|bat=20.0,typical,6.0,6.0,20.0,132.48167231393666,3867.0936143596336,4272.220261681025,70.5058071531007,3503.8434115006103,175.1921705750305,0.6844394461188075,0.735350884593521,572.1871379874095,-920.630153059672
typical|w=06.0|pv=12.0|bat=00.0,typical,6.0,12.0,0.0,155.6288977802293,4615.914273334926,12128.241287685458,516.184080342415,0.0,NaN,0.12440684799963246,0.3456899805482828,0.0,NaN
typical|w=06.0|pv=12.0|bat=05.0,typical,6.0,12.0,5.0,-175.99067687184265,3289.5596724483166,10773.77400392626,374.0932225994634,1597.3968759540978,319.47937519081955,0.24301861487467985,0.7502618839475218,331.61957465207195,1934.7801490820316
typical|w=06.0|pv=12.0|bat=10.0,typical,6.0,12.0,10.0,-326.23727118124555,3216.2084976942774,10637.529393960971,314.9001600945653,2749.4026625061274,274.94026625061275,0.32836169606403515,0.7883479067476079,481.86616896147484,1898.7352478209882
typical|w=06.0|pv=12.0|bat=15.0,typical,6.0,12.0,15.0,-450.2703450254771,3264.1606112396566,10637.96056457318,254.21185612920317,3772.954922259213,251.53032815061422,0.40307210146072375,0.7907003214502797,605.8992428057064,1520.0391376583048
typical|w=06.0|pv=12.0|bat=20.0,typical,6.0,12.0,20.0,-559.394070147943,3315.7239027810297,10635.65102531162,214.74722925120818,4658.847799767293,232.94238998836462,0.46756045245377953,0.7904395061347785,715.0229679281723,946.4548067304313
typical|w=12.0|pv=00.0|bat=00.0,typical,12.0,0.0,0.0,1374.4181283890534,6339.13043478261,0.0,0.0,0.0,NaN,NaN,0.0,0.0,NaN
typical|w=12.0|pv=00.0|bat=05.0,typical,12.0,0.0,5.0,1224.9761154859343,6491.711253369005,28.705559975485563,0.0,1168.563291244566,233.71265824891321,NaN,0.32563082027231083,149.44201290311912,-446.5620232130224
typical|w=12.0|pv=00.0|bat=10.0,typical,12.0,0.0,10.0,1181.6366128183893,6674.997760829585,175.49680318182325,0.0,1528.3015065210243,152.83015065210242,NaN,0.3823181756830528,192.78151557066417,-1880.0477695491118
typical|w=12.0|pv=00.0|bat=15.0,typical,12.0,0.0,15.0,1155.0652020265447,6889.941880706569,367.3054397270085,0.0,1764.376108643569,117.62507390957127,NaN,0.38691704754169787,219.3529263625087,-3532.7183811846357
typical|w=12.0|pv=00.0|bat=20.0,typical,12.0,0.0,20.0,1129.793483355929,7097.56720869725,552.9626715120887,0.0,1989.644896597972,99.4822448298986,NaN,0.3895269968366917,244.62464503312435,-5202.3779766970365
typical|w=12.0|pv=06.0|bat=00.0,typical,12.0,6.0,0.0,701.5327383811532,5019.318900729707,5628.73018325048,235.27904743439444,0.0,NaN,0.18994079444990378,0.3152856896267605,0.0,NaN
typical|w=12.0|pv=06.0|bat=05.0,typical,12.0,6.0,5.0,377.05905230848134,3680.2976236250706,4181.885812632812,176.68138898548744,1562.3818322630764,312.47636645261525,0.414239741841698,0.7324816782943683,324.47368607267185,1841.3723458966047
typical|w=12.0|pv=06.0|bat=10.0,typical,12.0,6.0,10.0,207.19899236603624,3301.4703860275554,3742.8231619532326,115.99388706036898,2703.6170198936643,270.36170198936645,0.5822121152311888,0.8069195292361815,494.33374601511696,2061.70574066955
typical|w=12.0|pv=06.0|bat=15.0,typical,12.0,6.0,15.0,87.05940298199107,3176.298316733303,3559.262986648897,84.79263609023289,3554.815939633645,236.98772930890968,0.705249486439492,0.8084254564504624,614.4733353991621,1632.1157736937316
typical|w=12.0|pv=06.0|bat=20.0,typical,12.0,6.0,20.0,-5.916011768812496,3125.1160660455653,3445.6340545568632,74.9324254836181,4246.04127337566,212.302063668783,0.8043628456464708,0.8089037678230911,707.4487501499657,847.4480792046485
typical|w=12.0|pv=12.0|bat=00.0,typical,12.0,12.0,0.0,151.84654469392035,4612.072935701256,12124.727863527183,515.8561668670193,0.0,NaN,0.1246812200644811,0.3456899805482828,0.0,NaN
typical|w=12.0|pv=12.0|bat=05.0,typical,12.0,12.0,5.0,-181.55465976603182,3217.682059399843,10608.512597289195,463.38700087495357,1635.2557356471789,327.0511471294358,0.24521245640522382,0.7706842093302426,333.40120445995217,1958.0688030534225
typical|w=12.0|pv=12.0|bat=10.0,typical,12.0,12.0,10.0,-377.1469032565652,2750.22489206539,10083.331369125477,380.702836393715,2956.8549494187346,295.68549494187346,0.3455609723401865,0.8637061371680507,528.9934479504856,2514.761589619862
typical|w=12.0|pv=12.0|bat=15.0,typical,12.0,12.0,15.0,-528.4341737261614,2602.440828562716,9900.875864385613,296.7889868037157,4076.452128614024,271.76347524093495,0.4280867176138833,0.8669127640406888,680.2807184200817,2492.319933479562
typical|w=12.0|pv=12.0|bat=20.0,typical,12.0,12.0,20.0,-661.2249401907292,2540.0474325731952,9790.003565870691,236.29769027228326,5107.048073729831,255.35240368649156,0.5036401613025369,0.8673351546638786,813.0714848846495,2228.10039534139
typical|w=24.0|pv=00.0|bat=00.0,typical,24.0,0.0,0.0,1338.814211402097,6339.13043478261,0.0,0.0,0.0,NaN,NaN,0.0,0.0,NaN
typical|w=24.0|pv=00.0|bat=05.0,typical,24.0,0.0,5.0,1184.0571751366463,6494.796080463672,29.893929814609233,0.0,1186.117677635633,237.22353552712661,NaN,0.33014550731387954,154.75703626545078,-377.0864568592723
typical|w=24.0|pv=00.0|bat=10.0,typical,24.0,0.0,10.0,1108.3936373822235,6655.941187873068,121.58650300262151,0.0,1850.9219046592116,185.09219046592116,NaN,0.4520625615877689,230.42057401987358,-1388.0471282511658
typical|w=24.0|pv=00.0|bat=15.0,typical,24.0,0.0,15.0,1059.6216958829918,6851.019735629116,269.01723154537666,0.0,2313.892744043792,154.25951626958613,NaN,0.46700111957165247,279.1925155191052,-2750.5225066576672
typical|w=24.0|pv=00.0|bat=20.0,typical,24.0,0.0,20.0,1016.3866202977808,7052.883768230021,428.106168148937,0.0,2731.7596582756187,136.58798291378093,NaN,0.4752236173676536,322.4275911043162,-4185.3732762858945
typical|w=24.0|pv=06.0|bat=00.0,typical,24.0,6.0,0.0,634.5278288393846,4669.134805730169,5304.875819629431,208.94931605590708,0.0,NaN,0.2394303094099376,0.3152856896267605,0.0,NaN
typical|w=24.0|pv=06.0|bat=05.0,typical,24.0,6.0,5.0,307.5560953381314,3343.6205445957785,3877.452726509751,146.75673728839885,1540.9130585066555,308.1826117013311,0.45776073229557007,0.7257763738402825,326.9717335012532,1874.0256849410227
typical|w=24.0|pv=06.0|bat=10.0,typical,24.0,6.0,10.0,118.37361115683763,2646.7075085941924,3096.017277981421,105.72893863739647,2724.9803978698988,272.49803978698986,0.6302478427229815,0.8237452436063601,516.1542176825469,2346.9330151053878
typical|w=24.0|pv=06.0|bat=15.0,typical,24.0,6.0,15.0,-14.45258915473579,2263.8293222663947,2637.0721771209364,86.08031185275972,3632.8857931405128,242.19238620936753,0.7569725234304221,0.8277139281320068,648.9804179941204,2083.1766520881865
typical|w=24.0|pv=06.0|bat=20.0,typical,24.0,6.0,20.0,-100.20805982498536,2230.392225823646,2544.618153662828,75.87045227726941,4295.600407481461,214.78002037407305,0.8444669019525739,0.828552002609103,734.7358886643699,1204.1331346076388
typical|w=24.0|pv=12.0|bat=00.0,typical,24.0,12.0,0.0,77.86199148436026,4253.032220934703,11813.462161140353,468.08115448729706,0.0,NaN,0.1500837549942775,0.3456899805482828,0.0,NaN
typical|w=24.0|pv=12.0|bat=05.0,typical,24.0,12.0,5.0,-258.3250754147573,2825.934167011101,10288.97986662728,392.87255423086015,1619.513219112124,323.9026438224248,0.2699834808465946,0.7658985691111574,336.18706689911755,1994.4843289222958
typical|w=24.0|pv=12.0|bat=10.0,typical,24.0,12.0,10.0,-478.4276185843102,1984.8510232176163,9365.791361603464,325.91616096826283,3021.2130491620537,302.12130491620536,0.37612331059905846,0.8871653167322989,556.2896100686705,2871.564597464543
typical|w=24.0|pv=12.0|bat=15.0,typical,24.0,12.0,15.0,-647.9914138754339,1560.0878802180086,8881.666640291458,256.32203029696325,4236.803073344499,282.45353822296664,0.46552886300562635,0.8968118678620359,725.8534053597941,3088.025355555017
typical|w=24.0|pv=12.0|bat=20.0,typical,24.0,12.0,20.0,-789.8282224371526,1407.2754159199098,8654.83807138109,215.71398405800656,5319.734315839173,265.98671579195866,0.5453850939245722,0.8972357199880369,867.6902139215128,2942.051562565126
typical|w=48.0|pv=00.0|bat=00.0,typical,48.0,0.0,0.0,1278.2406360368796,6339.13043478261,0.0,0.0,0.0,NaN,NaN,0.0,0.0,NaN
typical|w=48.0|pv=00.0|bat=05.0,typical,48.0,0.0,5.0,1122.8690412530723,6493.996633474195,29.89271540121154,0.0,1178.7289094314021,235.74578188628044,NaN,0.3280468232822637,155.37159478380727,-369.0532276127294
typical|w=48.0|pv=00.0|bat=10.0,typical,48.0,0.0,10.0,1043.354637637909,6651.888732821972,117.42982833389905,0.0,1851.8866041967199,185.18866041967198,NaN,0.46468945919340315,234.88599839897051,-1329.6771331263474
typical|w=48.0|pv=00.0|bat=15.0,typical,48.0,0.0,15.0,988.0656283237911,6839.848984305917,257.4221746511603,0.0,2317.8202904832065,154.52135269888043,NaN,0.5051566619143996,290.17500771308846,-2606.9643671845224
typical|w=48.0|pv=00.0|bat=20.0,typical,48.0,0.0,20.0,941.34790078984,7085.354573999464,460.63488097614453,0.0,2731.223646792212,136.5611823396106,NaN,0.5289530340083141,336.8927352470396,-3996.2914956061036
typical|w=48.0|pv=06.0|bat=00.0,typical,48.0,6.0,0.0,540.3944048040389,4276.878061589334,4924.444788697656,197.12360284684613,0.0,NaN,0.29516842156002826,0.3152856896267605,0.0,NaN
typical|w=48.0|pv=06.0|bat=05.0,typical,48.0,6.0,5.0,226.07835025640088,3040.585677747528,3578.8479845699558,144.62772976913527,1519.6129719041355,303.9225943808271,0.5003107920060151,0.7202023569593192,314.31605454763803,1708.5964096672585
typical|w=48.0|pv=06.0|bat=10.0,typical,48.0,6.0,10.0,46.84896318058827,2416.8649192040557,2876.7240003193638,103.32146392697462,2649.6162141936293,264.9616214193629,0.6592742796217583,0.8149909564444906,493.54544162345064,2051.401384444455
typical|w=48.0|pv=06.0|bat=15.0,typical,48.0,6.0,15.0,-76.25230907603839,2187.1384798967233,2575.4741142461576,82.69714011289194,3524.4968598183677,234.9664573212245,0.7770271795292781,0.8302113032486663,616.6467138800773,1660.5251880215721
typical|w=48.0|pv=06.0|bat=20.0,typical,48.0,6.0,20.0,-161.44307242560424,2179.1825878476875,2510.778815556961,72.84931422415168,4162.778678867932,208.1389339433966,0.8622688915698049,0.8338288862958531,701.8374772296431,774.1000734615744
typical|w=48.0|pv=12.0|bat=00.0,typical,48.0,12.0,0.0,-16.213817119169562,3812.0542643019744,11391.13025902399,449.4350999709301,0.0,NaN,0.18156622286644572,0.3456899805482828,0.0,NaN
typical|w=48.0|pv=12.0|bat=05.0,typical,48.0,12.0,5.0,-351.799739267662,2403.520669122445,9885.371022230513,375.0617318326397,1610.3139107835345,322.06278215670693,0.29993197449013625,0.7639063483838822,335.58592214849244,1986.6264383424993
typical|w=48.0|pv=12.0|bat=10.0,typical,48.0,12.0,10.0,-564.5882591578944,1644.748484180655,9042.612249267135,313.3488470199753,2980.891082403169,298.08910824031693,0.4044132185274484,0.8823662671963425,548.3744420387249,2768.1011234254875
typical|w=48.0|pv=12.0|bat=15.0,typical,48.0,12.0,15.0,-730.3325456205584,1323.0779958519724,8650.513086914892,256.12983708582044,4184.373490319449,278.9582326879633,0.49451693466404256,0.8985992587283816,714.1187285013889,2934.6350004920628
typical|w=48.0|pv=12.0|bat=20.0,typical,48.0,12.0,20.0,-869.6565343048986,1205.0104257421951,8454.773077940175,220.3030761116157,5256.8917247279505,262.8445862363975,0.5743934304993379,0.903406318682074,853.4427171857291,2755.8147697304935
