timestamp,hour,series,direction,kw
2025-01-15T00:00:00.0,0.0,PV,source,0.0
2025-01-15T00:15:00.0,0.25,PV,source,0.0
2025-01-15T00:30:00.0,0.5,PV,source,0.0
2025-01-15T00:45:00.0,0.75,PV,source,0.0
2025-01-15T01:00:00.0,1.0,PV,source,0.0
2025-01-15T01:15:00.0,1.25,PV,source,0.0
2025-01-15T01:30:00.0,1.5,PV,source,0.0
2025-01-15T01:45:00.0,1.75,PV,source,0.0
2025-01-15T02:00:00.0,2.0,PV,source,0.0
2025-01-15T02:15:00.0,2.25,PV,source,0.0
2025-01-15T02:30:00.0,2.5,PV,source,0.0
2025-01-15T02:45:00.0,2.75,PV,source,0.0
2025-01-15T03:00:00.0,3.0,PV,source,0.0
2025-01-15T03:15:00.0,3.25,PV,source,0.0
2025-01-15T03:30:00.0,3.5,PV,source,0.0
2025-01-15T03:45:00.0,3.75,PV,source,0.0
2025-01-15T04:00:00.0,4.0,PV,source,0.0
2025-01-15T04:15:00.0,4.25,PV,source,0.0
2025-01-15T04:30:00.0,4.5,PV,source,0.0
2025-01-15T04:45:00.0,4.75,PV,source,0.0
2025-01-15T05:00:00.0,5.0,PV,source,0.0
2025-01-15T05:15:00.0,5.25,PV,source,0.0
2025-01-15T05:30:00.0,5.5,PV,source,0.0
2025-01-15T05:45:00.0,5.75,PV,source,0.0
2025-01-15T06:00:00.0,6.0,PV,source,0.0
2025-01-15T06:15:00.0,6.25,PV,source,0.0
2025-01-15T06:30:00.0,6.5,PV,source,0.0
2025-01-15T06:45:00.0,6.75,PV,source,0.0
2025-01-15T07:00:00.0,7.0,PV,source,8.008543616526472e-5
2025-01-15T07:15:00.0,7.25,PV,source,8.007890393710444e-5
2025-01-15T07:30:00.0,7.5,PV,source,8.007237170894416e-5
2025-01-15T07:45:00.0,7.75,PV,source,0.003994763580209018
2025-01-15T08:00:00.0,8.0,PV,source,0.05020106858510917
2025-01-15T08:15:00.0,8.25,PV,source,0.12975371135149796
2025-01-15T08:30:00.0,8.5,PV,source,0.2002715078544768
2025-01-15T08:45:00.0,8.75,PV,source,0.25462513607068066
2025-01-15T09:00:00.0,9.0,PV,source,0.2989799192173504
2025-01-15T09:15:00.0,9.25,PV,source,0.3238534858168987
2025-01-15T09:30:00.0,9.5,PV,source,0.3390873777333409
2025-01-15T09:45:00.0,9.75,PV,source,0.34590709628296124
2025-01-15T10:00:00.0,10.0,PV,source,0.3180623922540887
2025-01-15T10:15:00.0,10.25,PV,source,0.32984196307628577
2025-01-15T10:30:00.0,10.5,PV,source,0.33728587533543675
2025-01-15T10:45:00.0,10.75,PV,source,0.3405981093271432
2025-01-15T11:00:00.0,11.0,PV,source,0.35663470910131534
2025-01-15T11:15:00.0,11.25,PV,source,0.3405840195990553
2025-01-15T11:30:00.0,11.5,PV,source,0.3220034626413728
2025-01-15T11:45:00.0,11.75,PV,source,0.30067925563668785
2025-01-15T12:00:00.0,12.0,PV,source,0.23297692164783249
2025-01-15T12:15:00.0,12.25,PV,source,0.24043686675468395
2025-01-15T12:30:00.0,12.5,PV,source,0.25225847958444647
2025-01-15T12:45:00.0,12.75,PV,source,0.26136602417146687
2025-01-15T13:00:00.0,13.0,PV,source,0.32320402483014915
2025-01-15T13:15:00.0,13.25,PV,source,0.28582193669830563
2025-01-15T13:30:00.0,13.5,PV,source,0.24768658591513443
2025-01-15T13:45:00.0,13.75,PV,source,0.2092635948030273
2025-01-15T14:00:00.0,14.0,PV,source,0.10094807091335467
2025-01-15T14:15:00.0,14.25,PV,source,0.11944421934889524
2025-01-15T14:30:00.0,14.5,PV,source,0.12365882649669528
2025-01-15T14:45:00.0,14.75,PV,source,0.11281616327148347
2025-01-15T15:00:00.0,15.0,PV,source,0.10622294866973254
2025-01-15T15:15:00.0,15.25,PV,source,0.036970574616076196
2025-01-15T15:30:00.0,15.5,PV,source,0.0038358419968397405
2025-01-15T15:45:00.0,15.75,PV,source,0.0
2025-01-15T16:00:00.0,16.0,PV,source,0.0
2025-01-15T16:15:00.0,16.25,PV,source,0.0
2025-01-15T16:30:00.0,16.5,PV,source,0.0
2025-01-15T16:45:00.0,16.75,PV,source,0.0
2025-01-15T17:00:00.0,17.0,PV,source,0.0
2025-01-15T17:15:00.0,17.25,PV,source,0.0
2025-01-15T17:30:00.0,17.5,PV,source,0.0
2025-01-15T17:45:00.0,17.75,PV,source,0.0
2025-01-15T18:00:00.0,18.0,PV,source,0.0
2025-01-15T18:15:00.0,18.25,PV,source,0.0
2025-01-15T18:30:00.0,18.5,PV,source,0.0
2025-01-15T18:45:00.0,18.75,PV,source,0.0
2025-01-15T19:00:00.0,19.0,PV,source,0.0
2025-01-15T19:15:00.0,19.25,PV,source,0.0
2025-01-15T19:30:00.0,19.5,PV,source,0.0
2025-01-15T19:45:00.0,19.75,PV,source,0.0
2025-01-15T20:00:00.0,20.0,PV,source,0.0
2025-01-15T20:15:00.0,20.25,PV,source,0.0
2025-01-15T20:30:00.0,20.5,PV,source,0.0
2025-01-15T20:45:00.0,20.75,PV,source,0.0
2025-01-15T21:00:00.0,21.0,PV,source,0.0
2025-01-15T21:15:00.0,21.25,PV,source,0.0
2025-01-15T21:30:00.0,21.5,PV,source,0.0
2025-01-15T21:45:00.0,21.75,PV,source,0.0
2025-01-15T22:00:00.0,22.0,PV,source,0.0
2025-01-15T22:15:00.0,22.25,PV,source,0.0
2025-01-15T22:30:00.0,22.5,PV,source,0.0
2025-01-15T22:45:00.0,22.75,PV,source,0.0
2025-01-15T23:00:00.0,23.0,PV,source,0.0
2025-01-15T23:15:00.0,23.25,PV,source,0.0
2025-01-15T23:30:00.0,23.5,PV,source,0.0
2025-01-15T23:45:00.0,23.75,PV,source,0.0
2025-01-16T00:00:00.0,24.0,PV,source,0.0
2025-01-16T00:15:00.0,24.25,PV,source,0.0
2025-01-16T00:30:00.0,24.5,PV,source,0.0
2025-01-16T00:45:00.0,24.75,PV,source,0.0
2025-01-16T01:00:00.0,25.0,PV,source,0.0
2025-01-16T01:15:00.0,25.25,PV,source,0.0
2025-01-16T01:30:00.0,25.5,PV,source,0.0
2025-01-16T01:45:00.0,25.75,PV,source,0.0
2025-01-16T02:00:00.0,26.0,PV,source,0.0
2025-01-16T02:15:00.0,26.25,PV,source,0.0
2025-01-16T02:30:00.0,26.5,PV,source,0.0
2025-01-16T02:45:00.0,26.75,PV,source,0.0
2025-01-16T03:00:00.0,27.0,PV,source,0.0
2025-01-16T03:15:00.0,27.25,PV,source,0.0
2025-01-16T03:30:00.0,27.5,PV,source,0.0
2025-01-16T03:45:00.0,27.75,PV,source,0.0
2025-01-16T04:00:00.0,28.0,PV,source,0.0
2025-01-16T04:15:00.0,28.25,PV,source,0.0
2025-01-16T04:30:00.0,28.5,PV,source,0.0
2025-01-16T04:45:00.0,28.75,PV,source,0.0
2025-01-16T05:00:00.0,29.0,PV,source,0.0
2025-01-16T05:15:00.0,29.25,PV,source,0.0
2025-01-16T05:30:00.0,29.5,PV,source,0.0
2025-01-16T05:45:00.0,29.75,PV,source,0.0
2025-01-16T06:00:00.0,30.0,PV,source,0.0
2025-01-16T06:15:00.0,30.25,PV,source,0.0
2025-01-16T06:30:00.0,30.5,PV,source,0.0
2025-01-16T06:45:00.0,30.75,PV,source,0.0
2025-01-16T07:00:00.0,31.0,PV,source,0.0
2025-01-16T07:15:00.0,31.25,PV,source,0.0
2025-01-16T07:30:00.0,31.5,PV,source,0.0
2025-01-16T07:45:00.0,31.75,PV,source,0.0
2025-01-16T08:00:00.0,32.0,PV,source,0.015079283469029424
2025-01-16T08:15:00.0,32.25,PV,source,0.04421368090945513
2025-01-16T08:30:00.0,32.5,PV,source,0.0768746739172923
2025-01-16T08:45:00.0,32.75,PV,source,0.11187277377125059
2025-01-16T09:00:00.0,33.0,PV,source,0.13075524297073474
2025-01-16T09:15:00.0,33.25,PV,source,0.17343216826611652
2025-01-16T09:30:00.0,33.5,PV,source,0.22197688013697145
2025-01-16T09:45:00.0,33.75,PV,source,0.2732302099519418
2025-01-16T10:00:00.0,34.0,PV,source,0.34788492927005343
2025-01-16T10:15:00.0,34.25,PV,source,0.39712169623393423
2025-01-16T10:30:00.0,34.5,PV,source,0.4445482061924648
2025-01-16T10:45:00.0,34.75,PV,source,0.48959562439771576
2025-01-16T11:00:00.0,35.0,PV,source,0.6570362903187436
2025-01-16T11:15:00.0,35.25,PV,source,0.611145813284453
2025-01-16T11:30:00.0,35.5,PV,source,0.5612742273429132
2025-01-16T11:45:00.0,35.75,PV,source,0.508653804596079
2025-01-16T12:00:00.0,36.0,PV,source,0.38099883664993045
2025-01-16T12:15:00.0,36.25,PV,source,0.3801901163230852
2025-01-16T12:30:00.0,36.5,PV,source,0.3749847018165414
2025-01-16T12:45:00.0,36.75,PV,source,0.36520519210906943
2025-01-16T13:00:00.0,37.0,PV,source,0.33660093244399747
2025-01-16T13:15:00.0,37.25,PV,source,0.3257551109996368
2025-01-16T13:30:00.0,37.5,PV,source,0.31482368296659924
2025-01-16T13:45:00.0,37.75,PV,source,0.29893780983414237
2025-01-16T14:00:00.0,38.0,PV,source,0.2228258557503416
2025-01-16T14:15:00.0,38.25,PV,source,0.2419801839731852
2025-01-16T14:30:00.0,38.5,PV,source,0.24339042756638157
2025-01-16T14:45:00.0,38.75,PV,source,0.2247523123298032
2025-01-16T15:00:00.0,39.0,PV,source,0.20969586864817655
2025-01-16T15:15:00.0,39.25,PV,source,0.0762727514699306
2025-01-16T15:30:00.0,39.5,PV,source,0.010506926655258632
2025-01-16T15:45:00.0,39.75,PV,source,0.0
2025-01-16T16:00:00.0,40.0,PV,source,0.0
2025-01-16T16:15:00.0,40.25,PV,source,0.0
2025-01-16T16:30:00.0,40.5,PV,source,0.0
2025-01-16T16:45:00.0,40.75,PV,source,0.0
2025-01-16T17:00:00.0,41.0,PV,source,0.0
2025-01-16T17:15:00.0,41.25,PV,source,0.0
2025-01-16T17:30:00.0,41.5,PV,source,0.0
2025-01-16T17:45:00.0,41.75,PV,source,0.0
2025-01-16T18:00:00.0,42.0,PV,source,0.0
2025-01-16T18:15:00.0,42.25,PV,source,0.0
2025-01-16T18:30:00.0,42.5,PV,source,0.0
2025-01-16T18:45:00.0,42.75,PV,source,0.0
2025-01-16T19:00:00.0,43.0,PV,source,0.0
2025-01-16T19:15:00.0,43.25,PV,source,0.0
2025-01-16T19:30:00.0,43.5,PV,source,0.0
2025-01-16T19:45:00.0,43.75,PV,source,0.0
2025-01-16T20:00:00.0,44.0,PV,source,0.0
2025-01-16T20:15:00.0,44.25,PV,source,0.0
2025-01-16T20:30:00.0,44.5,PV,source,0.0
2025-01-16T20:45:00.0,44.75,PV,source,0.0
2025-01-16T21:00:00.0,45.0,PV,source,0.0
2025-01-16T21:15:00.0,45.25,PV,source,0.0
2025-01-16T21:30:00.0,45.5,PV,source,0.0
2025-01-16T21:45:00.0,45.75,PV,source,0.0
2025-01-16T22:00:00.0,46.0,PV,source,0.0
2025-01-16T22:15:00.0,46.25,PV,source,0.0
2025-01-16T22:30:00.0,46.5,PV,source,0.0
2025-01-16T22:45:00.0,46.75,PV,source,0.0
2025-01-16T23:00:00.0,47.0,PV,source,0.0
2025-01-16T23:15:00.0,47.25,PV,source,0.0
2025-01-16T23:30:00.0,47.5,PV,source,0.0
2025-01-16T23:45:00.0,47.75,PV,source,0.0
2025-01-17T00:00:00.0,48.0,PV,source,0.0
2025-01-17T00:15:00.0,48.25,PV,source,0.0
2025-01-17T00:30:00.0,48.5,PV,source,0.0
2025-01-17T00:45:00.0,48.75,PV,source,0.0
2025-01-17T01:00:00.0,49.0,PV,source,0.0
2025-01-17T01:15:00.0,49.25,PV,source,0.0
2025-01-17T01:30:00.0,49.5,PV,source,0.0
2025-01-17T01:45:00.0,49.75,PV,source,0.0
2025-01-17T02:00:00.0,50.0,PV,source,0.0
2025-01-17T02:15:00.0,50.25,PV,source,0.0
2025-01-17T02:30:00.0,50.5,PV,source,0.0
2025-01-17T02:45:00.0,50.75,PV,source,0.0
2025-01-17T03:00:00.0,51.0,PV,source,0.0
2025-01-17T03:15:00.0,51.25,PV,source,0.0
2025-01-17T03:30:00.0,51.5,PV,source,0.0
2025-01-17T03:45:00.0,51.75,PV,source,0.0
2025-01-17T04:00:00.0,52.0,PV,source,0.0
2025-01-17T04:15:00.0,52.25,PV,source,0.0
2025-01-17T04:30:00.0,52.5,PV,source,0.0
2025-01-17T04:45:00.0,52.75,PV,source,0.0
2025-01-17T05:00:00.0,53.0,PV,source,0.0
2025-01-17T05:15:00.0,53.25,PV,source,0.0
2025-01-17T05:30:00.0,53.5,PV,source,0.0
2025-01-17T05:45:00.0,53.75,PV,source,0.0
2025-01-17T06:00:00.0,54.0,PV,source,0.0
2025-01-17T06:15:00.0,54.25,PV,source,0.0
2025-01-17T06:30:00.0,54.5,PV,source,0.0
2025-01-17T06:45:00.0,54.75,PV,source,0.0
2025-01-17T07:00:00.0,55.0,PV,source,8.066680447152977e-5
2025-01-17T07:15:00.0,55.25,PV,source,8.067333669969008e-5
2025-01-17T07:30:00.0,55.5,PV,source,8.067986892785035e-5
2025-01-17T07:45:00.0,55.75,PV,source,0.004070810468474576
2025-01-17T08:00:00.0,56.0,PV,source,0.04316060105616979
2025-01-17T08:15:00.0,56.25,PV,source,0.0969471071094499
2025-01-17T08:30:00.0,56.5,PV,source,0.14410237522228883
2025-01-17T08:45:00.0,56.75,PV,source,0.18220957706980162
2025-01-17T09:00:00.0,57.0,PV,source,0.15294813312006733
2025-01-17T09:15:00.0,57.25,PV,source,0.19801687476463634
2025-01-17T09:30:00.0,57.5,PV,source,0.26257241933330006
2025-01-17T09:45:00.0,57.75,PV,source,0.3336531038913176
2025-01-17T10:00:00.0,58.0,PV,source,0.4209935783113239
2025-01-17T10:15:00.0,58.25,PV,source,0.504799087535854
2025-01-17T10:30:00.0,58.5,PV,source,0.5911922673316365
2025-01-17T10:45:00.0,58.75,PV,source,0.6789463241942175
2025-01-17T11:00:00.0,59.0,PV,source,1.055239886756505
2025-01-17T11:15:00.0,59.25,PV,source,0.9544915194400538
2025-01-17T11:30:00.0,59.5,PV,source,0.8499007508360236
2025-01-17T11:45:00.0,59.75,PV,source,0.7441085215571426
2025-01-17T12:00:00.0,60.0,PV,source,0.4683467140818735
2025-01-17T12:15:00.0,60.25,PV,source,0.4917494742330419
2025-01-17T12:30:00.0,60.5,PV,source,0.5105897598220154
2025-01-17T12:45:00.0,60.75,PV,source,0.5241552909553536
2025-01-17T13:00:00.0,61.0,PV,source,0.6415696317213018
2025-01-17T13:15:00.0,61.25,PV,source,0.5653215870533022
2025-01-17T13:30:00.0,61.5,PV,source,0.48858264543871804
2025-01-17T13:45:00.0,61.75,PV,source,0.41230535952846115
2025-01-17T14:00:00.0,62.0,PV,source,0.21841668025794886
2025-01-17T14:15:00.0,62.25,PV,source,0.2379619727833438
2025-01-17T14:30:00.0,62.5,PV,source,0.24160420308087696
2025-01-17T14:45:00.0,62.75,PV,source,0.22666218209700606
2025-01-17T15:00:00.0,63.0,PV,source,0.2418539791758135
2025-01-17T15:15:00.0,63.25,PV,source,0.09126053056744039
2025-01-17T15:30:00.0,63.5,PV,source,0.0146248272691939
2025-01-17T15:45:00.0,63.75,PV,source,0.0
2025-01-17T16:00:00.0,64.0,PV,source,0.0
2025-01-17T16:15:00.0,64.25,PV,source,0.0
2025-01-17T16:30:00.0,64.5,PV,source,0.0
2025-01-17T16:45:00.0,64.75,PV,source,0.0
2025-01-17T17:00:00.0,65.0,PV,source,0.0
2025-01-17T17:15:00.0,65.25,PV,source,0.0
2025-01-17T17:30:00.0,65.5,PV,source,0.0
2025-01-17T17:45:00.0,65.75,PV,source,0.0
2025-01-17T18:00:00.0,66.0,PV,source,0.0
2025-01-17T18:15:00.0,66.25,PV,source,0.0
2025-01-17T18:30:00.0,66.5,PV,source,0.0
2025-01-17T18:45:00.0,66.75,PV,source,0.0
2025-01-17T19:00:00.0,67.0,PV,source,0.0
2025-01-17T19:15:00.0,67.25,PV,source,0.0
2025-01-17T19:30:00.0,67.5,PV,source,0.0
2025-01-17T19:45:00.0,67.75,PV,source,0.0
2025-01-17T20:00:00.0,68.0,PV,source,0.0
2025-01-17T20:15:00.0,68.25,PV,source,0.0
2025-01-17T20:30:00.0,68.5,PV,source,0.0
2025-01-17T20:45:00.0,68.75,PV,source,0.0
2025-01-17T21:00:00.0,69.0,PV,source,0.0
2025-01-17T21:15:00.0,69.25,PV,source,0.0
2025-01-17T21:30:00.0,69.5,PV,source,0.0
2025-01-17T21:45:00.0,69.75,PV,source,0.0
2025-01-17T22:00:00.0,70.0,PV,source,0.0
2025-01-17T22:15:00.0,70.25,PV,source,0.0
2025-01-17T22:30:00.0,70.5,PV,source,0.0
2025-01-17T22:45:00.0,70.75,PV,source,0.0
2025-01-17T23:00:00.0,71.0,PV,source,0.0
2025-01-17T23:15:00.0,71.25,PV,source,0.0
2025-01-17T23:30:00.0,71.5,PV,source,0.0
2025-01-17T23:45:00.0,71.75,PV,source,0.0
2025-01-15T00:00:00.0,0.0,import,source,0.1667164508071523
2025-01-15T00:15:00.0,0.25,import,source,0.18337245022107404
2025-01-15T00:30:00.0,0.5,import,source,0.18040123429499988
2025-01-15T00:45:00.0,0.75,import,source,0.1697989408258244
2025-01-15T01:00:00.0,1.0,import,source,0.17629036174789967
2025-01-15T01:15:00.0,1.25,import,source,0.19493228314559866
2025-01-15T01:30:00.0,1.5,import,source,0.179079613783843
2025-01-15T01:45:00.0,1.75,import,source,0.17517062836658784
2025-01-15T02:00:00.0,2.0,import,source,0.1878629943701103
2025-01-15T02:15:00.0,2.25,import,source,0.16280781981633924
2025-01-15T02:30:00.0,2.5,import,source,0.16545119265143707
2025-01-15T02:45:00.0,2.75,import,source,0.17824038941996576
2025-01-15T03:00:00.0,3.0,import,source,0.19484311128177476
2025-01-15T03:15:00.0,3.25,import,source,0.1785694314032536
2025-01-15T03:30:00.0,3.5,import,source,0.1996684674967363
2025-01-15T03:45:00.0,3.75,import,source,0.19290767957837676
2025-01-15T04:00:00.0,4.0,import,source,0.1578317987050403
2025-01-15T04:15:00.0,4.25,import,source,0.16108148051592897
2025-01-15T04:30:00.0,4.5,import,source,0.21404156854483314
2025-01-15T04:45:00.0,4.75,import,source,0.19234345926420512
2025-01-15T05:00:00.0,5.0,import,source,0.22439595316499325
2025-01-15T05:15:00.0,5.25,import,source,0.20662908824329423
2025-01-15T05:30:00.0,5.5,import,source,0.24167521093679364
2025-01-15T05:45:00.0,5.75,import,source,0.36197853389592766
2025-01-15T06:00:00.0,6.0,import,source,0.36013031592138284
2025-01-15T06:15:00.0,6.25,import,source,0.5255014804780712
2025-01-15T06:30:00.0,6.5,import,source,0.7075689541096142
2025-01-15T06:45:00.0,6.75,import,source,0.635091113206362
2025-01-15T07:00:00.0,7.0,import,source,0.0
2025-01-15T07:15:00.0,7.25,import,source,0.0
2025-01-15T07:30:00.0,7.5,import,source,0.0
2025-01-15T07:45:00.0,7.75,import,source,0.0
2025-01-15T08:00:00.0,8.0,import,source,0.0
2025-01-15T08:15:00.0,8.25,import,source,0.0
2025-01-15T08:30:00.0,8.5,import,source,0.0
2025-01-15T08:45:00.0,8.75,import,source,0.0
2025-01-15T09:00:00.0,9.0,import,source,0.0
2025-01-15T09:15:00.0,9.25,import,source,0.0
2025-01-15T09:30:00.0,9.5,import,source,0.0
2025-01-15T09:45:00.0,9.75,import,source,0.0
2025-01-15T10:00:00.0,10.0,import,source,0.0
2025-01-15T10:15:00.0,10.25,import,source,0.0
2025-01-15T10:30:00.0,10.5,import,source,0.0
2025-01-15T10:45:00.0,10.75,import,source,0.0
2025-01-15T11:00:00.0,11.0,import,source,0.0
2025-01-15T11:15:00.0,11.25,import,source,0.0
2025-01-15T11:30:00.0,11.5,import,source,0.0
2025-01-15T11:45:00.0,11.75,import,source,0.0
2025-01-15T12:00:00.0,12.0,import,source,0.0
2025-01-15T12:15:00.0,12.25,import,source,0.0
2025-01-15T12:30:00.0,12.5,import,source,0.0
2025-01-15T12:45:00.0,12.75,import,source,0.0
2025-01-15T13:00:00.0,13.0,import,source,0.0
2025-01-15T13:15:00.0,13.25,import,source,0.0
2025-01-15T13:30:00.0,13.5,import,source,0.0
2025-01-15T13:45:00.0,13.75,import,source,0.0
2025-01-15T14:00:00.0,14.0,import,source,0.0
2025-01-15T14:15:00.0,14.25,import,source,0.0
2025-01-15T14:30:00.0,14.5,import,source,0.0
2025-01-15T14:45:00.0,14.75,import,source,0.0
2025-01-15T15:00:00.0,15.0,import,source,0.0
2025-01-15T15:15:00.0,15.25,import,source,0.0
2025-01-15T15:30:00.0,15.5,import,source,0.0
2025-01-15T15:45:00.0,15.75,import,source,0.0
2025-01-15T16:00:00.0,16.0,import,source,0.0
2025-01-15T16:15:00.0,16.25,import,source,0.0
2025-01-15T16:30:00.0,16.5,import,source,0.0
2025-01-15T16:45:00.0,16.75,import,source,0.0
2025-01-15T17:00:00.0,17.0,import,source,0.0
2025-01-15T17:15:00.0,17.25,import,source,0.0
2025-01-15T17:30:00.0,17.5,import,source,0.0
2025-01-15T17:45:00.0,17.75,import,source,0.0
2025-01-15T18:00:00.0,18.0,import,source,0.0
2025-01-15T18:15:00.0,18.25,import,source,0.0
2025-01-15T18:30:00.0,18.5,import,source,1.4754367922882297
2025-01-15T18:45:00.0,18.75,import,source,0.17136894850028805
2025-01-15T19:00:00.0,19.0,import,source,1.7000275953285748
2025-01-15T19:15:00.0,19.25,import,source,1.3713156172503942
2025-01-15T19:30:00.0,19.5,import,source,1.5732269255186946
2025-01-15T19:45:00.0,19.75,import,source,1.3303007539637592
2025-01-15T20:00:00.0,20.0,import,source,1.2189269033129635
2025-01-15T20:15:00.0,20.25,import,source,0.9239807236024157
2025-01-15T20:30:00.0,20.5,import,source,0.8034562920785341
2025-01-15T20:45:00.0,20.75,import,source,0.8796624444924274
2025-01-15T21:00:00.0,21.0,import,source,0.6030375736991395
2025-01-15T21:15:00.0,21.25,import,source,0.5360469152431654
2025-01-15T21:30:00.0,21.5,import,source,0.517121466254946
2025-01-15T21:45:00.0,21.75,import,source,0.376460780911471
2025-01-15T22:00:00.0,22.0,import,source,0.34128965657545524
2025-01-15T22:15:00.0,22.25,import,source,0.2994057080526598
2025-01-15T22:30:00.0,22.5,import,source,0.21861814026006612
2025-01-15T22:45:00.0,22.75,import,source,0.20063095474323905
2025-01-15T23:00:00.0,23.0,import,source,0.17529870606552003
2025-01-15T23:15:00.0,23.25,import,source,0.20445571551233557
2025-01-15T23:30:00.0,23.5,import,source,0.21438324803963446
2025-01-15T23:45:00.0,23.75,import,source,0.1850947414223543
2025-01-16T00:00:00.0,24.0,import,source,0.15770547729559703
2025-01-16T00:15:00.0,24.25,import,source,0.1932374635919922
2025-01-16T00:30:00.0,24.5,import,source,0.18804765243508265
2025-01-16T00:45:00.0,24.75,import,source,0.1621154617773194
2025-01-16T01:00:00.0,25.0,import,source,0.15964871652512597
2025-01-16T01:15:00.0,25.25,import,source,0.20088879379087501
2025-01-16T01:30:00.0,25.5,import,source,0.18517235565707685
2025-01-16T01:45:00.0,25.75,import,source,0.185638253832306
2025-01-16T02:00:00.0,26.0,import,source,0.19326661976083268
2025-01-16T02:15:00.0,26.25,import,source,0.17546431052045366
2025-01-16T02:30:00.0,26.5,import,source,0.1638652165986943
2025-01-16T02:45:00.0,26.75,import,source,0.16446089412032122
2025-01-16T03:00:00.0,27.0,import,source,11.182628265755415
2025-01-16T03:15:00.0,27.25,import,source,11.18457898571393
2025-01-16T03:30:00.0,27.5,import,source,11.166526007603068
2025-01-16T03:45:00.0,27.75,import,source,10.662732267046032
2025-01-16T04:00:00.0,28.0,import,source,0.15931671596317912
2025-01-16T04:15:00.0,28.25,import,source,0.18452628408588861
2025-01-16T04:30:00.0,28.5,import,source,0.18246679495093948
2025-01-16T04:45:00.0,28.75,import,source,0.1825157177393243
2025-01-16T05:00:00.0,29.0,import,source,0.18477498835719072
2025-01-16T05:15:00.0,29.25,import,source,0.24857729488674274
2025-01-16T05:30:00.0,29.5,import,source,0.28585184213363757
2025-01-16T05:45:00.0,29.75,import,source,0.3016664309637574
2025-01-16T06:00:00.0,30.0,import,source,0.45401979713816143
2025-01-16T06:15:00.0,30.25,import,source,0.528675840099424
2025-01-16T06:30:00.0,30.5,import,source,0.6294819675771506
2025-01-16T06:45:00.0,30.75,import,source,0.6712612669380633
2025-01-16T07:00:00.0,31.0,import,source,0.7587831608823656
2025-01-16T07:15:00.0,31.25,import,source,1.0322716756469381
2025-01-16T07:30:00.0,31.5,import,source,0.9187206068602194
2025-01-16T07:45:00.0,31.75,import,source,0.8519453100862282
2025-01-16T08:00:00.0,32.0,import,source,0.9224962728406818
2025-01-16T08:15:00.0,32.25,import,source,0.694449605070948
2025-01-16T08:30:00.0,32.5,import,source,0.6381968705816444
2025-01-16T08:45:00.0,32.75,import,source,0.41284707460997405
2025-01-16T09:00:00.0,33.0,import,source,0.2534297216342196
2025-01-16T09:15:00.0,33.25,import,source,0.16495927413215267
2025-01-16T09:30:00.0,33.5,import,source,0.04415565599018953
2025-01-16T09:45:00.0,33.75,import,source,0.0
2025-01-16T10:00:00.0,34.0,import,source,0.0
2025-01-16T10:15:00.0,34.25,import,source,0.0
2025-01-16T10:30:00.0,34.5,import,source,0.0
2025-01-16T10:45:00.0,34.75,import,source,0.0
2025-01-16T11:00:00.0,35.0,import,source,0.0
2025-01-16T11:15:00.0,35.25,import,source,0.0
2025-01-16T11:30:00.0,35.5,import,source,0.0
2025-01-16T11:45:00.0,35.75,import,source,0.0
2025-01-16T12:00:00.0,36.0,import,source,0.0
2025-01-16T12:15:00.0,36.25,import,source,0.0
2025-01-16T12:30:00.0,36.5,import,source,0.0
2025-01-16T12:45:00.0,36.75,import,source,0.0
2025-01-16T13:00:00.0,37.0,import,source,0.0
2025-01-16T13:15:00.0,37.25,import,source,0.0
2025-01-16T13:30:00.0,37.5,import,source,0.0
2025-01-16T13:45:00.0,37.75,import,source,0.0
2025-01-16T14:00:00.0,38.0,import,source,0.0
2025-01-16T14:15:00.0,38.25,import,source,0.0
2025-01-16T14:30:00.0,38.5,import,source,0.0
2025-01-16T14:45:00.0,38.75,import,source,0.0
2025-01-16T15:00:00.0,39.0,import,source,0.0
2025-01-16T15:15:00.0,39.25,import,source,0.1569800392556202
2025-01-16T15:30:00.0,39.5,import,source,0.26772601687836467
2025-01-16T15:45:00.0,39.75,import,source,0.2527784452268536
2025-01-16T16:00:00.0,40.0,import,source,0.2995909078182676
2025-01-16T16:15:00.0,40.25,import,source,0.3266398217395436
2025-01-16T16:30:00.0,40.5,import,source,0.15208502714916838
2025-01-16T16:45:00.0,40.75,import,source,0.6126529674431075
2025-01-16T17:00:00.0,41.0,import,source,0.7035598043727533
2025-01-16T17:15:00.0,41.25,import,source,0.6927100357688684
2025-01-16T17:30:00.0,41.5,import,source,1.0207207295056222
2025-01-16T17:45:00.0,41.75,import,source,1.185164989473796
2025-01-16T18:00:00.0,42.0,import,source,1.0839069036678313
2025-01-16T18:15:00.0,42.25,import,source,1.2765032454564416
2025-01-16T18:30:00.0,42.5,import,source,1.3719108563852516
2025-01-16T18:45:00.0,42.75,import,source,1.6954735873665776
2025-01-16T19:00:00.0,43.0,import,source,1.6878887316253666
2025-01-16T19:15:00.0,43.25,import,source,1.654620783278097
2025-01-16T19:30:00.0,43.5,import,source,1.6052730721957313
2025-01-16T19:45:00.0,43.75,import,source,1.4777173229356262
2025-01-16T20:00:00.0,44.0,import,source,1.1985844830827277
2025-01-16T20:15:00.0,44.25,import,source,1.194367798948358
2025-01-16T20:30:00.0,44.5,import,source,1.0393756815845723
2025-01-16T20:45:00.0,44.75,import,source,0.7074193492983628
2025-01-16T21:00:00.0,45.0,import,source,0.5760442791994548
2025-01-16T21:15:00.0,45.25,import,source,0.5376617509381965
2025-01-16T21:30:00.0,45.5,import,source,0.4415629721813562
2025-01-16T21:45:00.0,45.75,import,source,0.4058964888177626
2025-01-16T22:00:00.0,46.0,import,source,0.32620709811525467
2025-01-16T22:15:00.0,46.25,import,source,0.25764990057311526
2025-01-16T22:30:00.0,46.5,import,source,0.20762946444679056
2025-01-16T22:45:00.0,46.75,import,source,0.2237527493857189
2025-01-16T23:00:00.0,47.0,import,source,11.19997960177006
2025-01-16T23:15:00.0,47.25,import,source,10.65877169789754
2025-01-16T23:30:00.0,47.5,import,source,11.199226670992205
2025-01-16T23:45:00.0,47.75,import,source,11.192865907961105
2025-01-17T00:00:00.0,48.0,import,source,0.1780823164334604
2025-01-17T00:15:00.0,48.25,import,source,0.20345228578813176
2025-01-17T00:30:00.0,48.5,import,source,0.20495764507282177
2025-01-17T00:45:00.0,48.75,import,source,0.18656145391067488
2025-01-17T01:00:00.0,49.0,import,source,0.19682657833687534
2025-01-17T01:15:00.0,49.25,import,source,0.15987170876825374
2025-01-17T01:30:00.0,49.5,import,source,0.19454952007090323
2025-01-17T01:45:00.0,49.75,import,source,0.15854257415953363
2025-01-17T02:00:00.0,50.0,import,source,0.17750564228373533
2025-01-17T02:15:00.0,50.25,import,source,0.16984666534940668
2025-01-17T02:30:00.0,50.5,import,source,0.1686959043736625
2025-01-17T02:45:00.0,50.75,import,source,0.1679927310188067
2025-01-17T03:00:00.0,51.0,import,source,0.17755401681410093
2025-01-17T03:15:00.0,51.25,import,source,0.16860867417617306
2025-01-17T03:30:00.0,51.5,import,source,0.19591913935816394
2025-01-17T03:45:00.0,51.75,import,source,0.20266580359433123
2025-01-17T04:00:00.0,52.0,import,source,0.18785841159196068
2025-01-17T04:15:00.0,52.25,import,source,0.16647069694961164
2025-01-17T04:30:00.0,52.5,import,source,0.18385687790953098
2025-01-17T04:45:00.0,52.75,import,source,0.20176993403189136
2025-01-17T05:00:00.0,53.0,import,source,0.23787835847956637
2025-01-17T05:15:00.0,53.25,import,source,0.23202339086748414
2025-01-17T05:30:00.0,53.5,import,source,0.30131296896880283
2025-01-17T05:45:00.0,53.75,import,source,0.35046324533843237
2025-01-17T06:00:00.0,54.0,import,source,0.4526964495961567
2025-01-17T06:15:00.0,54.25,import,source,0.45292154068993495
2025-01-17T06:30:00.0,54.5,import,source,0.6891816357016819
2025-01-17T06:45:00.0,54.75,import,source,0.6479277017946216
2025-01-17T07:00:00.0,55.0,import,source,0.0
2025-01-17T07:15:00.0,55.25,import,source,0.0
2025-01-17T07:30:00.0,55.5,import,source,0.0
2025-01-17T07:45:00.0,55.75,import,source,0.0
2025-01-17T08:00:00.0,56.0,import,source,0.8552134305252634
2025-01-17T08:15:00.0,56.25,import,source,0.5719357326487549
2025-01-17T08:30:00.0,56.5,import,source,0.5678102081969283
2025-01-17T08:45:00.0,56.75,import,source,0.2697853044106834
2025-01-17T09:00:00.0,57.0,import,source,0.2625403653644208
2025-01-17T09:15:00.0,57.25,import,source,0.10985748800012449
2025-01-17T09:30:00.0,57.5,import,source,0.051357640982562514
2025-01-17T09:45:00.0,57.75,import,source,0.0
2025-01-17T10:00:00.0,58.0,import,source,0.0
2025-01-17T10:15:00.0,58.25,import,source,0.0
2025-01-17T10:30:00.0,58.5,import,source,0.0
2025-01-17T10:45:00.0,58.75,import,source,0.0
2025-01-17T11:00:00.0,59.0,import,source,0.0
2025-01-17T11:15:00.0,59.25,import,source,0.0
2025-01-17T11:30:00.0,59.5,import,source,0.0
2025-01-17T11:45:00.0,59.75,import,source,0.0
2025-01-17T12:00:00.0,60.0,import,source,0.0
2025-01-17T12:15:00.0,60.25,import,source,0.0
2025-01-17T12:30:00.0,60.5,import,source,0.0
2025-01-17T12:45:00.0,60.75,import,source,0.0
2025-01-17T13:00:00.0,61.0,import,source,0.0
2025-01-17T13:15:00.0,61.25,import,source,0.0
2025-01-17T13:30:00.0,61.5,import,source,0.0
2025-01-17T13:45:00.0,61.75,import,source,0.0
2025-01-17T14:00:00.0,62.0,import,source,0.0
2025-01-17T14:15:00.0,62.25,import,source,0.0
2025-01-17T14:30:00.0,62.5,import,source,0.0
2025-01-17T14:45:00.0,62.75,import,source,0.0
2025-01-17T15:00:00.0,63.0,import,source,0.0
2025-01-17T15:15:00.0,63.25,import,source,0.10131575683618967
2025-01-17T15:30:00.0,63.5,import,source,0.2429458327637246
2025-01-17T15:45:00.0,63.75,import,source,0.2854098772721832
2025-01-17T16:00:00.0,64.0,import,source,0.0
2025-01-17T16:15:00.0,64.25,import,source,0.0
2025-01-17T16:30:00.0,64.5,import,source,0.0
2025-01-17T16:45:00.0,64.75,import,source,0.0
2025-01-17T17:00:00.0,65.0,import,source,0.0
2025-01-17T17:15:00.0,65.25,import,source,0.0
2025-01-17T17:30:00.0,65.5,import,source,0.0
2025-01-17T17:45:00.0,65.75,import,source,0.0
2025-01-17T18:00:00.0,66.0,import,source,0.10663406243779439
2025-01-17T18:15:00.0,66.25,import,source,1.243390625806917
2025-01-17T18:30:00.0,66.5,import,source,1.2873269276005417
2025-01-17T18:45:00.0,66.75,import,source,1.5641222093015403
2025-01-17T19:00:00.0,67.0,import,source,1.3129277628721936
2025-01-17T19:15:00.0,67.25,import,source,1.4813273732195396
2025-01-17T19:30:00.0,67.5,import,source,1.3005204968319408
2025-01-17T19:45:00.0,67.75,import,source,1.4468019800323144
2025-01-17T20:00:00.0,68.0,import,source,1.0364266113377592
2025-01-17T20:15:00.0,68.25,import,source,0.9806823383692288
2025-01-17T20:30:00.0,68.5,import,source,0.9059392538147514
2025-01-17T20:45:00.0,68.75,import,source,0.827403416917644
2025-01-17T21:00:00.0,69.0,import,source,0.640979162721433
2025-01-17T21:15:00.0,69.25,import,source,0.5759465014728675
2025-01-17T21:30:00.0,69.5,import,source,0.3906177661191444
2025-01-17T21:45:00.0,69.75,import,source,0.3878799409163185
2025-01-17T22:00:00.0,70.0,import,source,0.3108307522707414
2025-01-17T22:15:00.0,70.25,import,source,0.25340810067558944
2025-01-17T22:30:00.0,70.5,import,source,0.23785097585000564
2025-01-17T22:45:00.0,70.75,import,source,0.24831692994681412
2025-01-17T23:00:00.0,71.0,import,source,0.21788990388571458
2025-01-17T23:15:00.0,71.25,import,source,0.20826930617229225
2025-01-17T23:30:00.0,71.5,import,source,0.18228921389064887
2025-01-17T23:45:00.0,71.75,import,source,0.1696196151635757
2025-01-15T00:00:00.0,0.0,battery discharge,source,0.0
2025-01-15T00:15:00.0,0.25,battery discharge,source,0.0
2025-01-15T00:30:00.0,0.5,battery discharge,source,0.0
2025-01-15T00:45:00.0,0.75,battery discharge,source,0.0
2025-01-15T01:00:00.0,1.0,battery discharge,source,0.0
2025-01-15T01:15:00.0,1.25,battery discharge,source,0.0
2025-01-15T01:30:00.0,1.5,battery discharge,source,0.0
2025-01-15T01:45:00.0,1.75,battery discharge,source,0.0
2025-01-15T02:00:00.0,2.0,battery discharge,source,0.0
2025-01-15T02:15:00.0,2.25,battery discharge,source,0.0
2025-01-15T02:30:00.0,2.5,battery discharge,source,0.0
2025-01-15T02:45:00.0,2.75,battery discharge,source,0.0
2025-01-15T03:00:00.0,3.0,battery discharge,source,0.0
2025-01-15T03:15:00.0,3.25,battery discharge,source,0.0
2025-01-15T03:30:00.0,3.5,battery discharge,source,0.0
2025-01-15T03:45:00.0,3.75,battery discharge,source,0.0
2025-01-15T04:00:00.0,4.0,battery discharge,source,0.0
2025-01-15T04:15:00.0,4.25,battery discharge,source,0.0
2025-01-15T04:30:00.0,4.5,battery discharge,source,0.0
2025-01-15T04:45:00.0,4.75,battery discharge,source,0.0
2025-01-15T05:00:00.0,5.0,battery discharge,source,0.0
2025-01-15T05:15:00.0,5.25,battery discharge,source,0.0
2025-01-15T05:30:00.0,5.5,battery discharge,source,0.0
2025-01-15T05:45:00.0,5.75,battery discharge,source,0.0
2025-01-15T06:00:00.0,6.0,battery discharge,source,0.0
2025-01-15T06:15:00.0,6.25,battery discharge,source,0.0
2025-01-15T06:30:00.0,6.5,battery discharge,source,0.0
2025-01-15T06:45:00.0,6.75,battery discharge,source,0.0
2025-01-15T07:00:00.0,7.0,battery discharge,source,0.7867546030237837
2025-01-15T07:15:00.0,7.25,battery discharge,source,0.7941896224659678
2025-01-15T07:30:00.0,7.5,battery discharge,source,0.8720576935162184
2025-01-15T07:45:00.0,7.75,battery discharge,source,0.8999552983581641
2025-01-15T08:00:00.0,8.0,battery discharge,source,0.7702281804322225
2025-01-15T08:15:00.0,8.25,battery discharge,source,0.5398785130967168
2025-01-15T08:30:00.0,8.5,battery discharge,source,0.49123478450141833
2025-01-15T08:45:00.0,8.75,battery discharge,source,0.3341557879196067
2025-01-15T09:00:00.0,9.0,battery discharge,source,0.09562643602359794
2025-01-15T09:15:00.0,9.25,battery discharge,source,0.06586497670717989
2025-01-15T09:30:00.0,9.5,battery discharge,source,0.0
2025-01-15T09:45:00.0,9.75,battery discharge,source,0.0
2025-01-15T10:00:00.0,10.0,battery discharge,source,0.0
2025-01-15T10:15:00.0,10.25,battery discharge,source,0.0
2025-01-15T10:30:00.0,10.5,battery discharge,source,0.0
2025-01-15T10:45:00.0,10.75,battery discharge,source,0.0
2025-01-15T11:00:00.0,11.0,battery discharge,source,0.0
2025-01-15T11:15:00.0,11.25,battery discharge,source,0.0
2025-01-15T11:30:00.0,11.5,battery discharge,source,0.0
2025-01-15T11:45:00.0,11.75,battery discharge,source,0.0
2025-01-15T12:00:00.0,12.0,battery discharge,source,0.0
2025-01-15T12:15:00.0,12.25,battery discharge,source,0.0
2025-01-15T12:30:00.0,12.5,battery discharge,source,0.0
2025-01-15T12:45:00.0,12.75,battery discharge,source,0.0
2025-01-15T13:00:00.0,13.0,battery discharge,source,0.0
2025-01-15T13:15:00.0,13.25,battery discharge,source,0.0
2025-01-15T13:30:00.0,13.5,battery discharge,source,0.0
2025-01-15T13:45:00.0,13.75,battery discharge,source,0.0
2025-01-15T14:00:00.0,14.0,battery discharge,source,0.10600227735296763
2025-01-15T14:15:00.0,14.25,battery discharge,source,0.044181652283304396
2025-01-15T14:30:00.0,14.5,battery discharge,source,0.03903603775777535
2025-01-15T14:45:00.0,14.75,battery discharge,source,0.08385564029379203
2025-01-15T15:00:00.0,15.0,battery discharge,source,0.10993259522471195
2025-01-15T15:15:00.0,15.25,battery discharge,source,0.19538847034818757
2025-01-15T15:30:00.0,15.5,battery discharge,source,0.25672310611129046
2025-01-15T15:45:00.0,15.75,battery discharge,source,0.30931179076839505
2025-01-15T16:00:00.0,16.0,battery discharge,source,0.3010250924805094
2025-01-15T16:15:00.0,16.25,battery discharge,source,0.3958768224693182
2025-01-15T16:30:00.0,16.5,battery discharge,source,0.4914021758130509
2025-01-15T16:45:00.0,16.75,battery discharge,source,0.533848920160092
2025-01-15T17:00:00.0,17.0,battery discharge,source,0.6490078130820648
2025-01-15T17:15:00.0,17.25,battery discharge,source,0.8205220475055441
2025-01-15T17:30:00.0,17.5,battery discharge,source,1.0639146854902315
2025-01-15T17:45:00.0,17.75,battery discharge,source,1.0062398079744748
2025-01-15T18:00:00.0,18.0,battery discharge,source,1.1531173300675368
2025-01-15T18:15:00.0,18.25,battery discharge,source,1.3540867200193527
2025-01-15T18:30:00.0,18.5,battery discharge,source,0.0
2025-01-15T18:45:00.0,18.75,battery discharge,source,1.2861843780568991
2025-01-15T19:00:00.0,19.0,battery discharge,source,0.0
2025-01-15T19:15:00.0,19.25,battery discharge,source,0.0
2025-01-15T19:30:00.0,19.5,battery discharge,source,0.0
2025-01-15T19:45:00.0,19.75,battery discharge,source,0.0
2025-01-15T20:00:00.0,20.0,battery discharge,source,0.0
2025-01-15T20:15:00.0,20.25,battery discharge,source,0.0
2025-01-15T20:30:00.0,20.5,battery discharge,source,0.0
2025-01-15T20:45:00.0,20.75,battery discharge,source,0.0
2025-01-15T21:00:00.0,21.0,battery discharge,source,0.0
2025-01-15T21:15:00.0,21.25,battery discharge,source,0.0
2025-01-15T21:30:00.0,21.5,battery discharge,source,0.0
2025-01-15T21:45:00.0,21.75,battery discharge,source,0.0
2025-01-15T22:00:00.0,22.0,battery discharge,source,0.0
2025-01-15T22:15:00.0,22.25,battery discharge,source,0.0
2025-01-15T22:30:00.0,22.5,battery discharge,source,0.0
2025-01-15T22:45:00.0,22.75,battery discharge,source,0.0
2025-01-15T23:00:00.0,23.0,battery discharge,source,0.0
2025-01-15T23:15:00.0,23.25,battery discharge,source,0.0
2025-01-15T23:30:00.0,23.5,battery discharge,source,0.0
2025-01-15T23:45:00.0,23.75,battery discharge,source,0.0
2025-01-16T00:00:00.0,24.0,battery discharge,source,0.0
2025-01-16T00:15:00.0,24.25,battery discharge,source,0.0
2025-01-16T00:30:00.0,24.5,battery discharge,source,0.0
2025-01-16T00:45:00.0,24.75,battery discharge,source,0.0
2025-01-16T01:00:00.0,25.0,battery discharge,source,0.0
2025-01-16T01:15:00.0,25.25,battery discharge,source,0.0
2025-01-16T01:30:00.0,25.5,battery discharge,source,0.0
2025-01-16T01:45:00.0,25.75,battery discharge,source,0.0
2025-01-16T02:00:00.0,26.0,battery discharge,source,0.0
2025-01-16T02:15:00.0,26.25,battery discharge,source,0.0
2025-01-16T02:30:00.0,26.5,battery discharge,source,0.0
2025-01-16T02:45:00.0,26.75,battery discharge,source,0.0
2025-01-16T03:00:00.0,27.0,battery discharge,source,0.0
2025-01-16T03:15:00.0,27.25,battery discharge,source,0.0
2025-01-16T03:30:00.0,27.5,battery discharge,source,0.0
2025-01-16T03:45:00.0,27.75,battery discharge,source,0.0
2025-01-16T04:00:00.0,28.0,battery discharge,source,0.0
2025-01-16T04:15:00.0,28.25,battery discharge,source,0.0
2025-01-16T04:30:00.0,28.5,battery discharge,source,0.0
2025-01-16T04:45:00.0,28.75,battery discharge,source,0.0
2025-01-16T05:00:00.0,29.0,battery discharge,source,0.0
2025-01-16T05:15:00.0,29.25,battery discharge,source,0.0
2025-01-16T05:30:00.0,29.5,battery discharge,source,0.0
2025-01-16T05:45:00.0,29.75,battery discharge,source,0.0
2025-01-16T06:00:00.0,30.0,battery discharge,source,0.0
2025-01-16T06:15:00.0,30.25,battery discharge,source,0.0
2025-01-16T06:30:00.0,30.5,battery discharge,source,0.0
2025-01-16T06:45:00.0,30.75,battery discharge,source,0.0
2025-01-16T07:00:00.0,31.0,battery discharge,source,-0.0
2025-01-16T07:15:00.0,31.25,battery discharge,source,-0.0
2025-01-16T07:30:00.0,31.5,battery discharge,source,-0.0
2025-01-16T07:45:00.0,31.75,battery discharge,source,-0.0
2025-01-16T08:00:00.0,32.0,battery discharge,source,0.0
2025-01-16T08:15:00.0,32.25,battery discharge,source,0.0
2025-01-16T08:30:00.0,32.5,battery discharge,source,0.0
2025-01-16T08:45:00.0,32.75,battery discharge,source,0.0
2025-01-16T09:00:00.0,33.0,battery discharge,source,0.0
2025-01-16T09:15:00.0,33.25,battery discharge,source,0.0
2025-01-16T09:30:00.0,33.5,battery discharge,source,0.0
2025-01-16T09:45:00.0,33.75,battery discharge,source,0.0
2025-01-16T10:00:00.0,34.0,battery discharge,source,0.0
2025-01-16T10:15:00.0,34.25,battery discharge,source,0.0
2025-01-16T10:30:00.0,34.5,battery discharge,source,0.0
2025-01-16T10:45:00.0,34.75,battery discharge,source,0.0
2025-01-16T11:00:00.0,35.0,battery discharge,source,0.0
2025-01-16T11:15:00.0,35.25,battery discharge,source,0.0
2025-01-16T11:30:00.0,35.5,battery discharge,source,0.0
2025-01-16T11:45:00.0,35.75,battery discharge,source,0.0
2025-01-16T12:00:00.0,36.0,battery discharge,source,0.0
2025-01-16T12:15:00.0,36.25,battery discharge,source,0.0
2025-01-16T12:30:00.0,36.5,battery discharge,source,0.0
2025-01-16T12:45:00.0,36.75,battery discharge,source,0.0
2025-01-16T13:00:00.0,37.0,battery discharge,source,0.0
2025-01-16T13:15:00.0,37.25,battery discharge,source,0.0
2025-01-16T13:30:00.0,37.5,battery discharge,source,0.0
2025-01-16T13:45:00.0,37.75,battery discharge,source,0.0
2025-01-16T14:00:00.0,38.0,battery discharge,source,0.0
2025-01-16T14:15:00.0,38.25,battery discharge,source,0.0
2025-01-16T14:30:00.0,38.5,battery discharge,source,0.0
2025-01-16T14:45:00.0,38.75,battery discharge,source,0.0
2025-01-16T15:00:00.0,39.0,battery discharge,source,0.0
2025-01-16T15:15:00.0,39.25,battery discharge,source,0.0
2025-01-16T15:30:00.0,39.5,battery discharge,source,0.0
2025-01-16T15:45:00.0,39.75,battery discharge,source,0.0
2025-01-16T16:00:00.0,40.0,battery discharge,source,0.0
2025-01-16T16:15:00.0,40.25,battery discharge,source,0.0
2025-01-16T16:30:00.0,40.5,battery discharge,source,0.36351932765983064
2025-01-16T16:45:00.0,40.75,battery discharge,source,-0.0
2025-01-16T17:00:00.0,41.0,battery discharge,source,0.0
2025-01-16T17:15:00.0,41.25,battery discharge,source,0.0
2025-01-16T17:30:00.0,41.5,battery discharge,source,-0.0
2025-01-16T17:45:00.0,41.75,battery discharge,source,-0.0
2025-01-16T18:00:00.0,42.0,battery discharge,source,0.0
2025-01-16T18:15:00.0,42.25,battery discharge,source,0.0
2025-01-16T18:30:00.0,42.5,battery discharge,source,-0.0
2025-01-16T18:45:00.0,42.75,battery discharge,source,-0.0
2025-01-16T19:00:00.0,43.0,battery discharge,source,0.0
2025-01-16T19:15:00.0,43.25,battery discharge,source,0.0
2025-01-16T19:30:00.0,43.5,battery discharge,source,0.0
2025-01-16T19:45:00.0,43.75,battery discharge,source,0.0
2025-01-16T20:00:00.0,44.0,battery discharge,source,0.0
2025-01-16T20:15:00.0,44.25,battery discharge,source,0.0
2025-01-16T20:30:00.0,44.5,battery discharge,source,0.0
2025-01-16T20:45:00.0,44.75,battery discharge,source,0.0
2025-01-16T21:00:00.0,45.0,battery discharge,source,0.0
2025-01-16T21:15:00.0,45.25,battery discharge,source,0.0
2025-01-16T21:30:00.0,45.5,battery discharge,source,0.0
2025-01-16T21:45:00.0,45.75,battery discharge,source,0.0
2025-01-16T22:00:00.0,46.0,battery discharge,source,0.0
2025-01-16T22:15:00.0,46.25,battery discharge,source,0.0
2025-01-16T22:30:00.0,46.5,battery discharge,source,0.0
2025-01-16T22:45:00.0,46.75,battery discharge,source,0.0
2025-01-16T23:00:00.0,47.0,battery discharge,source,0.0
2025-01-16T23:15:00.0,47.25,battery discharge,source,0.0
2025-01-16T23:30:00.0,47.5,battery discharge,source,0.0
2025-01-16T23:45:00.0,47.75,battery discharge,source,0.0
2025-01-17T00:00:00.0,48.0,battery discharge,source,0.0
2025-01-17T00:15:00.0,48.25,battery discharge,source,0.0
2025-01-17T00:30:00.0,48.5,battery discharge,source,0.0
2025-01-17T00:45:00.0,48.75,battery discharge,source,0.0
2025-01-17T01:00:00.0,49.0,battery discharge,source,0.0
2025-01-17T01:15:00.0,49.25,battery discharge,source,0.0
2025-01-17T01:30:00.0,49.5,battery discharge,source,0.0
2025-01-17T01:45:00.0,49.75,battery discharge,source,0.0
2025-01-17T02:00:00.0,50.0,battery discharge,source,0.0
2025-01-17T02:15:00.0,50.25,battery discharge,source,0.0
2025-01-17T02:30:00.0,50.5,battery discharge,source,0.0
2025-01-17T02:45:00.0,50.75,battery discharge,source,0.0
2025-01-17T03:00:00.0,51.0,battery discharge,source,0.0
2025-01-17T03:15:00.0,51.25,battery discharge,source,0.0
2025-01-17T03:30:00.0,51.5,battery discharge,source,0.0
2025-01-17T03:45:00.0,51.75,battery discharge,source,0.0
2025-01-17T04:00:00.0,52.0,battery discharge,source,0.0
2025-01-17T04:15:00.0,52.25,battery discharge,source,0.0
2025-01-17T04:30:00.0,52.5,battery discharge,source,0.0
2025-01-17T04:45:00.0,52.75,battery discharge,source,0.0
2025-01-17T05:00:00.0,53.0,battery discharge,source,0.0
2025-01-17T05:15:00.0,53.25,battery discharge,source,0.0
2025-01-17T05:30:00.0,53.5,battery discharge,source,0.0
2025-01-17T05:45:00.0,53.75,battery discharge,source,0.0
2025-01-17T06:00:00.0,54.0,battery discharge,source,0.0
2025-01-17T06:15:00.0,54.25,battery discharge,source,0.0
2025-01-17T06:30:00.0,54.5,battery discharge,source,0.0
2025-01-17T06:45:00.0,54.75,battery discharge,source,0.0
2025-01-17T07:00:00.0,55.0,battery discharge,source,0.7614405023146625
2025-01-17T07:15:00.0,55.25,battery discharge,source,0.8239648863289645
2025-01-17T07:30:00.0,55.5,battery discharge,source,0.8847988185122166
2025-01-17T07:45:00.0,55.75,battery discharge,source,0.8200872460551142
2025-01-17T08:00:00.0,56.0,battery discharge,source,0.0
2025-01-17T08:15:00.0,56.25,battery discharge,source,-0.0
2025-01-17T08:30:00.0,56.5,battery discharge,source,0.0
2025-01-17T08:45:00.0,56.75,battery discharge,source,-0.0
2025-01-17T09:00:00.0,57.0,battery discharge,source,0.0
2025-01-17T09:15:00.0,57.25,battery discharge,source,0.0
2025-01-17T09:30:00.0,57.5,battery discharge,source,0.0
2025-01-17T09:45:00.0,57.75,battery discharge,source,0.0
2025-01-17T10:00:00.0,58.0,battery discharge,source,0.0
2025-01-17T10:15:00.0,58.25,battery discharge,source,0.0
2025-01-17T10:30:00.0,58.5,battery discharge,source,0.0
2025-01-17T10:45:00.0,58.75,battery discharge,source,0.0
2025-01-17T11:00:00.0,59.0,battery discharge,source,0.0
2025-01-17T11:15:00.0,59.25,battery discharge,source,0.0
2025-01-17T11:30:00.0,59.5,battery discharge,source,0.0
2025-01-17T11:45:00.0,59.75,battery discharge,source,0.0
2025-01-17T12:00:00.0,60.0,battery discharge,source,0.0
2025-01-17T12:15:00.0,60.25,battery discharge,source,0.0
2025-01-17T12:30:00.0,60.5,battery discharge,source,0.0
2025-01-17T12:45:00.0,60.75,battery discharge,source,0.0
2025-01-17T13:00:00.0,61.0,battery discharge,source,0.0
2025-01-17T13:15:00.0,61.25,battery discharge,source,0.0
2025-01-17T13:30:00.0,61.5,battery discharge,source,0.0
2025-01-17T13:45:00.0,61.75,battery discharge,source,0.0
2025-01-17T14:00:00.0,62.0,battery discharge,source,0.0
2025-01-17T14:15:00.0,62.25,battery discharge,source,0.0
2025-01-17T14:30:00.0,62.5,battery discharge,source,0.0
2025-01-17T14:45:00.0,62.75,battery discharge,source,0.0
2025-01-17T15:00:00.0,63.0,battery discharge,source,0.0
2025-01-17T15:15:00.0,63.25,battery discharge,source,0.0
2025-01-17T15:30:00.0,63.5,battery discharge,source,0.0
2025-01-17T15:45:00.0,63.75,battery discharge,source,0.0
2025-01-17T16:00:00.0,64.0,battery discharge,source,0.2880919271398289
2025-01-17T16:15:00.0,64.25,battery discharge,source,0.4112276250865415
2025-01-17T16:30:00.0,64.5,battery discharge,source,0.43134027810748443
2025-01-17T16:45:00.0,64.75,battery discharge,source,0.5308118536329783
2025-01-17T17:00:00.0,65.0,battery discharge,source,0.7600833062588183
2025-01-17T17:15:00.0,65.25,battery discharge,source,0.9024903623307734
2025-01-17T17:30:00.0,65.5,battery discharge,source,1.0345683718402574
2025-01-17T17:45:00.0,65.75,battery discharge,source,1.0254698330591314
2025-01-17T18:00:00.0,66.0,battery discharge,source,1.1077883692453294
2025-01-17T18:15:00.0,66.25,battery discharge,source,-0.0
2025-01-17T18:30:00.0,66.5,battery discharge,source,-0.0
2025-01-17T18:45:00.0,66.75,battery discharge,source,-0.0
2025-01-17T19:00:00.0,67.0,battery discharge,source,-0.0
2025-01-17T19:15:00.0,67.25,battery discharge,source,-0.0
2025-01-17T19:30:00.0,67.5,battery discharge,source,-0.0
2025-01-17T19:45:00.0,67.75,battery discharge,source,-0.0
2025-01-17T20:00:00.0,68.0,battery discharge,source,0.0
2025-01-17T20:15:00.0,68.25,battery discharge,source,0.0
2025-01-17T20:30:00.0,68.5,battery discharge,source,0.0
2025-01-17T20:45:00.0,68.75,battery discharge,source,0.0
2025-01-17T21:00:00.0,69.0,battery discharge,source,0.0
2025-01-17T21:15:00.0,69.25,battery discharge,source,0.0
2025-01-17T21:30:00.0,69.5,battery discharge,source,0.0
2025-01-17T21:45:00.0,69.75,battery discharge,source,0.0
2025-01-17T22:00:00.0,70.0,battery discharge,source,0.0
2025-01-17T22:15:00.0,70.25,battery discharge,source,0.0
2025-01-17T22:30:00.0,70.5,battery discharge,source,0.0
2025-01-17T22:45:00.0,70.75,battery discharge,source,0.0
2025-01-17T23:00:00.0,71.0,battery discharge,source,0.0
2025-01-17T23:15:00.0,71.25,battery discharge,source,0.0
2025-01-17T23:30:00.0,71.5,battery discharge,source,0.0
2025-01-17T23:45:00.0,71.75,battery discharge,source,0.0
2025-01-15T00:00:00.0,0.0,ev charge,sink,0.0
2025-01-15T00:15:00.0,0.25,ev charge,sink,0.0
2025-01-15T00:30:00.0,0.5,ev charge,sink,0.0
2025-01-15T00:45:00.0,0.75,ev charge,sink,0.0
2025-01-15T01:00:00.0,1.0,ev charge,sink,0.0
2025-01-15T01:15:00.0,1.25,ev charge,sink,0.0
2025-01-15T01:30:00.0,1.5,ev charge,sink,0.0
2025-01-15T01:45:00.0,1.75,ev charge,sink,0.0
2025-01-15T02:00:00.0,2.0,ev charge,sink,0.0
2025-01-15T02:15:00.0,2.25,ev charge,sink,0.0
2025-01-15T02:30:00.0,2.5,ev charge,sink,0.0
2025-01-15T02:45:00.0,2.75,ev charge,sink,0.0
2025-01-15T03:00:00.0,3.0,ev charge,sink,0.0
2025-01-15T03:15:00.0,3.25,ev charge,sink,0.0
2025-01-15T03:30:00.0,3.5,ev charge,sink,0.0
2025-01-15T03:45:00.0,3.75,ev charge,sink,0.0
2025-01-15T04:00:00.0,4.0,ev charge,sink,0.0
2025-01-15T04:15:00.0,4.25,ev charge,sink,0.0
2025-01-15T04:30:00.0,4.5,ev charge,sink,0.0
2025-01-15T04:45:00.0,4.75,ev charge,sink,0.0
2025-01-15T05:00:00.0,5.0,ev charge,sink,0.0
2025-01-15T05:15:00.0,5.25,ev charge,sink,0.0
2025-01-15T05:30:00.0,5.5,ev charge,sink,0.0
2025-01-15T05:45:00.0,5.75,ev charge,sink,0.0
2025-01-15T06:00:00.0,6.0,ev charge,sink,0.0
2025-01-15T06:15:00.0,6.25,ev charge,sink,0.0
2025-01-15T06:30:00.0,6.5,ev charge,sink,0.0
2025-01-15T06:45:00.0,6.75,ev charge,sink,0.0
2025-01-15T07:00:00.0,7.0,ev charge,sink,0.0
2025-01-15T07:15:00.0,7.25,ev charge,sink,0.0
2025-01-15T07:30:00.0,7.5,ev charge,sink,0.0
2025-01-15T07:45:00.0,7.75,ev charge,sink,0.0
2025-01-15T08:00:00.0,8.0,ev charge,sink,0.0
2025-01-15T08:15:00.0,8.25,ev charge,sink,0.0
2025-01-15T08:30:00.0,8.5,ev charge,sink,0.0
2025-01-15T08:45:00.0,8.75,ev charge,sink,0.0
2025-01-15T09:00:00.0,9.0,ev charge,sink,0.0
2025-01-15T09:15:00.0,9.25,ev charge,sink,0.0
2025-01-15T09:30:00.0,9.5,ev charge,sink,0.0
2025-01-15T09:45:00.0,9.75,ev charge,sink,0.0
2025-01-15T10:00:00.0,10.0,ev charge,sink,0.0
2025-01-15T10:15:00.0,10.25,ev charge,sink,0.0
2025-01-15T10:30:00.0,10.5,ev charge,sink,0.0
2025-01-15T10:45:00.0,10.75,ev charge,sink,0.0
2025-01-15T11:00:00.0,11.0,ev charge,sink,0.0
2025-01-15T11:15:00.0,11.25,ev charge,sink,0.0
2025-01-15T11:30:00.0,11.5,ev charge,sink,0.0
2025-01-15T11:45:00.0,11.75,ev charge,sink,0.0
2025-01-15T12:00:00.0,12.0,ev charge,sink,0.0
2025-01-15T12:15:00.0,12.25,ev charge,sink,0.0
2025-01-15T12:30:00.0,12.5,ev charge,sink,0.0
2025-01-15T12:45:00.0,12.75,ev charge,sink,0.0
2025-01-15T13:00:00.0,13.0,ev charge,sink,0.0
2025-01-15T13:15:00.0,13.25,ev charge,sink,0.0
2025-01-15T13:30:00.0,13.5,ev charge,sink,0.0
2025-01-15T13:45:00.0,13.75,ev charge,sink,0.0
2025-01-15T14:00:00.0,14.0,ev charge,sink,0.0
2025-01-15T14:15:00.0,14.25,ev charge,sink,0.0
2025-01-15T14:30:00.0,14.5,ev charge,sink,0.0
2025-01-15T14:45:00.0,14.75,ev charge,sink,0.0
2025-01-15T15:00:00.0,15.0,ev charge,sink,0.0
2025-01-15T15:15:00.0,15.25,ev charge,sink,0.0
2025-01-15T15:30:00.0,15.5,ev charge,sink,0.0
2025-01-15T15:45:00.0,15.75,ev charge,sink,0.0
2025-01-15T16:00:00.0,16.0,ev charge,sink,0.0
2025-01-15T16:15:00.0,16.25,ev charge,sink,0.0
2025-01-15T16:30:00.0,16.5,ev charge,sink,0.0
2025-01-15T16:45:00.0,16.75,ev charge,sink,0.0
2025-01-15T17:00:00.0,17.0,ev charge,sink,0.0
2025-01-15T17:15:00.0,17.25,ev charge,sink,0.0
2025-01-15T17:30:00.0,17.5,ev charge,sink,0.0
2025-01-15T17:45:00.0,17.75,ev charge,sink,0.0
2025-01-15T18:00:00.0,18.0,ev charge,sink,0.0
2025-01-15T18:15:00.0,18.25,ev charge,sink,0.0
2025-01-15T18:30:00.0,18.5,ev charge,sink,0.0
2025-01-15T18:45:00.0,18.75,ev charge,sink,0.0
2025-01-15T19:00:00.0,19.0,ev charge,sink,0.0
2025-01-15T19:15:00.0,19.25,ev charge,sink,0.0
2025-01-15T19:30:00.0,19.5,ev charge,sink,0.0
2025-01-15T19:45:00.0,19.75,ev charge,sink,0.0
2025-01-15T20:00:00.0,20.0,ev charge,sink,0.0
2025-01-15T20:15:00.0,20.25,ev charge,sink,0.0
2025-01-15T20:30:00.0,20.5,ev charge,sink,0.0
2025-01-15T20:45:00.0,20.75,ev charge,sink,0.0
2025-01-15T21:00:00.0,21.0,ev charge,sink,0.0
2025-01-15T21:15:00.0,21.25,ev charge,sink,0.0
2025-01-15T21:30:00.0,21.5,ev charge,sink,0.0
2025-01-15T21:45:00.0,21.75,ev charge,sink,0.0
2025-01-15T22:00:00.0,22.0,ev charge,sink,0.0
2025-01-15T22:15:00.0,22.25,ev charge,sink,0.0
2025-01-15T22:30:00.0,22.5,ev charge,sink,0.0
2025-01-15T22:45:00.0,22.75,ev charge,sink,0.0
2025-01-15T23:00:00.0,23.0,ev charge,sink,0.0
2025-01-15T23:15:00.0,23.25,ev charge,sink,0.0
2025-01-15T23:30:00.0,23.5,ev charge,sink,0.0
2025-01-15T23:45:00.0,23.75,ev charge,sink,0.0
2025-01-16T00:00:00.0,24.0,ev charge,sink,0.0
2025-01-16T00:15:00.0,24.25,ev charge,sink,0.0
2025-01-16T00:30:00.0,24.5,ev charge,sink,0.0
2025-01-16T00:45:00.0,24.75,ev charge,sink,0.0
2025-01-16T01:00:00.0,25.0,ev charge,sink,0.0
2025-01-16T01:15:00.0,25.25,ev charge,sink,0.0
2025-01-16T01:30:00.0,25.5,ev charge,sink,0.0
2025-01-16T01:45:00.0,25.75,ev charge,sink,0.0
2025-01-16T02:00:00.0,26.0,ev charge,sink,0.0
2025-01-16T02:15:00.0,26.25,ev charge,sink,0.0
2025-01-16T02:30:00.0,26.5,ev charge,sink,0.0
2025-01-16T02:45:00.0,26.75,ev charge,sink,0.0
2025-01-16T03:00:00.0,27.0,ev charge,sink,11.0
2025-01-16T03:15:00.0,27.25,ev charge,sink,11.0
2025-01-16T03:30:00.0,27.5,ev charge,sink,11.0
2025-01-16T03:45:00.0,27.75,ev charge,sink,10.478260869565203
2025-01-16T04:00:00.0,28.0,ev charge,sink,0.0
2025-01-16T04:15:00.0,28.25,ev charge,sink,0.0
2025-01-16T04:30:00.0,28.5,ev charge,sink,0.0
2025-01-16T04:45:00.0,28.75,ev charge,sink,0.0
2025-01-16T05:00:00.0,29.0,ev charge,sink,0.0
2025-01-16T05:15:00.0,29.25,ev charge,sink,0.0
2025-01-16T05:30:00.0,29.5,ev charge,sink,0.0
2025-01-16T05:45:00.0,29.75,ev charge,sink,0.0
2025-01-16T06:00:00.0,30.0,ev charge,sink,0.0
2025-01-16T06:15:00.0,30.25,ev charge,sink,0.0
2025-01-16T06:30:00.0,30.5,ev charge,sink,0.0
2025-01-16T06:45:00.0,30.75,ev charge,sink,0.0
2025-01-16T07:00:00.0,31.0,ev charge,sink,0.0
2025-01-16T07:15:00.0,31.25,ev charge,sink,0.0
2025-01-16T07:30:00.0,31.5,ev charge,sink,0.0
2025-01-16T07:45:00.0,31.75,ev charge,sink,0.0
2025-01-16T08:00:00.0,32.0,ev charge,sink,0.0
2025-01-16T08:15:00.0,32.25,ev charge,sink,0.0
2025-01-16T08:30:00.0,32.5,ev charge,sink,0.0
2025-01-16T08:45:00.0,32.75,ev charge,sink,0.0
2025-01-16T09:00:00.0,33.0,ev charge,sink,0.0
2025-01-16T09:15:00.0,33.25,ev charge,sink,0.0
2025-01-16T09:30:00.0,33.5,ev charge,sink,0.0
2025-01-16T09:45:00.0,33.75,ev charge,sink,0.0
2025-01-16T10:00:00.0,34.0,ev charge,sink,0.0
2025-01-16T10:15:00.0,34.25,ev charge,sink,0.0
2025-01-16T10:30:00.0,34.5,ev charge,sink,0.0
2025-01-16T10:45:00.0,34.75,ev charge,sink,0.0
2025-01-16T11:00:00.0,35.0,ev charge,sink,0.0
2025-01-16T11:15:00.0,35.25,ev charge,sink,0.0
2025-01-16T11:30:00.0,35.5,ev charge,sink,0.0
2025-01-16T11:45:00.0,35.75,ev charge,sink,0.0
2025-01-16T12:00:00.0,36.0,ev charge,sink,0.0
2025-01-16T12:15:00.0,36.25,ev charge,sink,0.0
2025-01-16T12:30:00.0,36.5,ev charge,sink,0.0
2025-01-16T12:45:00.0,36.75,ev charge,sink,0.0
2025-01-16T13:00:00.0,37.0,ev charge,sink,0.0
2025-01-16T13:15:00.0,37.25,ev charge,sink,0.0
2025-01-16T13:30:00.0,37.5,ev charge,sink,0.0
2025-01-16T13:45:00.0,37.75,ev charge,sink,0.0
2025-01-16T14:00:00.0,38.0,ev charge,sink,0.0
2025-01-16T14:15:00.0,38.25,ev charge,sink,0.0
2025-01-16T14:30:00.0,38.5,ev charge,sink,0.0
2025-01-16T14:45:00.0,38.75,ev charge,sink,0.0
2025-01-16T15:00:00.0,39.0,ev charge,sink,0.0
2025-01-16T15:15:00.0,39.25,ev charge,sink,0.0
2025-01-16T15:30:00.0,39.5,ev charge,sink,0.0
2025-01-16T15:45:00.0,39.75,ev charge,sink,0.0
2025-01-16T16:00:00.0,40.0,ev charge,sink,0.0
2025-01-16T16:15:00.0,40.25,ev charge,sink,0.0
2025-01-16T16:30:00.0,40.5,ev charge,sink,0.0
2025-01-16T16:45:00.0,40.75,ev charge,sink,0.0
2025-01-16T17:00:00.0,41.0,ev charge,sink,0.0
2025-01-16T17:15:00.0,41.25,ev charge,sink,0.0
2025-01-16T17:30:00.0,41.5,ev charge,sink,0.0
2025-01-16T17:45:00.0,41.75,ev charge,sink,0.0
2025-01-16T18:00:00.0,42.0,ev charge,sink,0.0
2025-01-16T18:15:00.0,42.25,ev charge,sink,0.0
2025-01-16T18:30:00.0,42.5,ev charge,sink,0.0
2025-01-16T18:45:00.0,42.75,ev charge,sink,0.0
2025-01-16T19:00:00.0,43.0,ev charge,sink,0.0
2025-01-16T19:15:00.0,43.25,ev charge,sink,0.0
2025-01-16T19:30:00.0,43.5,ev charge,sink,0.0
2025-01-16T19:45:00.0,43.75,ev charge,sink,0.0
2025-01-16T20:00:00.0,44.0,ev charge,sink,0.0
2025-01-16T20:15:00.0,44.25,ev charge,sink,0.0
2025-01-16T20:30:00.0,44.5,ev charge,sink,0.0
2025-01-16T20:45:00.0,44.75,ev charge,sink,0.0
2025-01-16T21:00:00.0,45.0,ev charge,sink,0.0
2025-01-16T21:15:00.0,45.25,ev charge,sink,0.0
2025-01-16T21:30:00.0,45.5,ev charge,sink,0.0
2025-01-16T21:45:00.0,45.75,ev charge,sink,0.0
2025-01-16T22:00:00.0,46.0,ev charge,sink,0.0
2025-01-16T22:15:00.0,46.25,ev charge,sink,0.0
2025-01-16T22:30:00.0,46.5,ev charge,sink,0.0
2025-01-16T22:45:00.0,46.75,ev charge,sink,0.0
2025-01-16T23:00:00.0,47.0,ev charge,sink,11.0
2025-01-16T23:15:00.0,47.25,ev charge,sink,10.478260869565203
2025-01-16T23:30:00.0,47.5,ev charge,sink,11.0
2025-01-16T23:45:00.0,47.75,ev charge,sink,11.0
2025-01-17T00:00:00.0,48.0,ev charge,sink,0.0
2025-01-17T00:15:00.0,48.25,ev charge,sink,0.0
2025-01-17T00:30:00.0,48.5,ev charge,sink,0.0
2025-01-17T00:45:00.0,48.75,ev charge,sink,0.0
2025-01-17T01:00:00.0,49.0,ev charge,sink,0.0
2025-01-17T01:15:00.0,49.25,ev charge,sink,0.0
2025-01-17T01:30:00.0,49.5,ev charge,sink,0.0
2025-01-17T01:45:00.0,49.75,ev charge,sink,0.0
2025-01-17T02:00:00.0,50.0,ev charge,sink,0.0
2025-01-17T02:15:00.0,50.25,ev charge,sink,0.0
2025-01-17T02:30:00.0,50.5,ev charge,sink,0.0
2025-01-17T02:45:00.0,50.75,ev charge,sink,0.0
2025-01-17T03:00:00.0,51.0,ev charge,sink,0.0
2025-01-17T03:15:00.0,51.25,ev charge,sink,0.0
2025-01-17T03:30:00.0,51.5,ev charge,sink,0.0
2025-01-17T03:45:00.0,51.75,ev charge,sink,0.0
2025-01-17T04:00:00.0,52.0,ev charge,sink,0.0
2025-01-17T04:15:00.0,52.25,ev charge,sink,0.0
2025-01-17T04:30:00.0,52.5,ev charge,sink,0.0
2025-01-17T04:45:00.0,52.75,ev charge,sink,0.0
2025-01-17T05:00:00.0,53.0,ev charge,sink,0.0
2025-01-17T05:15:00.0,53.25,ev charge,sink,0.0
2025-01-17T05:30:00.0,53.5,ev charge,sink,0.0
2025-01-17T05:45:00.0,53.75,ev charge,sink,0.0
2025-01-17T06:00:00.0,54.0,ev charge,sink,0.0
2025-01-17T06:15:00.0,54.25,ev charge,sink,0.0
2025-01-17T06:30:00.0,54.5,ev charge,sink,0.0
2025-01-17T06:45:00.0,54.75,ev charge,sink,0.0
2025-01-17T07:00:00.0,55.0,ev charge,sink,0.0
2025-01-17T07:15:00.0,55.25,ev charge,sink,0.0
2025-01-17T07:30:00.0,55.5,ev charge,sink,0.0
2025-01-17T07:45:00.0,55.75,ev charge,sink,0.0
2025-01-17T08:00:00.0,56.0,ev charge,sink,0.0
2025-01-17T08:15:00.0,56.25,ev charge,sink,0.0
2025-01-17T08:30:00.0,56.5,ev charge,sink,0.0
2025-01-17T08:45:00.0,56.75,ev charge,sink,0.0
2025-01-17T09:00:00.0,57.0,ev charge,sink,0.0
2025-01-17T09:15:00.0,57.25,ev charge,sink,0.0
2025-01-17T09:30:00.0,57.5,ev charge,sink,0.0
2025-01-17T09:45:00.0,57.75,ev charge,sink,0.0
2025-01-17T10:00:00.0,58.0,ev charge,sink,0.0
2025-01-17T10:15:00.0,58.25,ev charge,sink,0.0
2025-01-17T10:30:00.0,58.5,ev charge,sink,0.0
2025-01-17T10:45:00.0,58.75,ev charge,sink,0.0
2025-01-17T11:00:00.0,59.0,ev charge,sink,0.0
2025-01-17T11:15:00.0,59.25,ev charge,sink,0.0
2025-01-17T11:30:00.0,59.5,ev charge,sink,0.0
2025-01-17T11:45:00.0,59.75,ev charge,sink,0.0
2025-01-17T12:00:00.0,60.0,ev charge,sink,0.0
2025-01-17T12:15:00.0,60.25,ev charge,sink,0.0
2025-01-17T12:30:00.0,60.5,ev charge,sink,0.0
2025-01-17T12:45:00.0,60.75,ev charge,sink,0.0
2025-01-17T13:00:00.0,61.0,ev charge,sink,0.0
2025-01-17T13:15:00.0,61.25,ev charge,sink,0.0
2025-01-17T13:30:00.0,61.5,ev charge,sink,0.0
2025-01-17T13:45:00.0,61.75,ev charge,sink,0.0
2025-01-17T14:00:00.0,62.0,ev charge,sink,0.0
2025-01-17T14:15:00.0,62.25,ev charge,sink,0.0
2025-01-17T14:30:00.0,62.5,ev charge,sink,0.0
2025-01-17T14:45:00.0,62.75,ev charge,sink,0.0
2025-01-17T15:00:00.0,63.0,ev charge,sink,0.0
2025-01-17T15:15:00.0,63.25,ev charge,sink,0.0
2025-01-17T15:30:00.0,63.5,ev charge,sink,0.0
2025-01-17T15:45:00.0,63.75,ev charge,sink,0.0
2025-01-17T16:00:00.0,64.0,ev charge,sink,0.0
2025-01-17T16:15:00.0,64.25,ev charge,sink,0.0
2025-01-17T16:30:00.0,64.5,ev charge,sink,0.0
2025-01-17T16:45:00.0,64.75,ev charge,sink,0.0
2025-01-17T17:00:00.0,65.0,ev charge,sink,0.0
2025-01-17T17:15:00.0,65.25,ev charge,sink,0.0
2025-01-17T17:30:00.0,65.5,ev charge,sink,0.0
2025-01-17T17:45:00.0,65.75,ev charge,sink,0.0
2025-01-17T18:00:00.0,66.0,ev charge,sink,0.0
2025-01-17T18:15:00.0,66.25,ev charge,sink,0.0
2025-01-17T18:30:00.0,66.5,ev charge,sink,0.0
2025-01-17T18:45:00.0,66.75,ev charge,sink,0.0
2025-01-17T19:00:00.0,67.0,ev charge,sink,0.0
2025-01-17T19:15:00.0,67.25,ev charge,sink,0.0
2025-01-17T19:30:00.0,67.5,ev charge,sink,0.0
2025-01-17T19:45:00.0,67.75,ev charge,sink,0.0
2025-01-17T20:00:00.0,68.0,ev charge,sink,0.0
2025-01-17T20:15:00.0,68.25,ev charge,sink,0.0
2025-01-17T20:30:00.0,68.5,ev charge,sink,0.0
2025-01-17T20:45:00.0,68.75,ev charge,sink,0.0
2025-01-17T21:00:00.0,69.0,ev charge,sink,0.0
2025-01-17T21:15:00.0,69.25,ev charge,sink,0.0
2025-01-17T21:30:00.0,69.5,ev charge,sink,0.0
2025-01-17T21:45:00.0,69.75,ev charge,sink,0.0
2025-01-17T22:00:00.0,70.0,ev charge,sink,0.0
2025-01-17T22:15:00.0,70.25,ev charge,sink,0.0
2025-01-17T22:30:00.0,70.5,ev charge,sink,0.0
2025-01-17T22:45:00.0,70.75,ev charge,sink,0.0
2025-01-17T23:00:00.0,71.0,ev charge,sink,0.0
2025-01-17T23:15:00.0,71.25,ev charge,sink,0.0
2025-01-17T23:30:00.0,71.5,ev charge,sink,0.0
2025-01-17T23:45:00.0,71.75,ev charge,sink,0.0
2025-01-15T00:00:00.0,0.0,battery charge,sink,0.0
2025-01-15T00:15:00.0,0.25,battery charge,sink,0.0
2025-01-15T00:30:00.0,0.5,battery charge,sink,0.0
2025-01-15T00:45:00.0,0.75,battery charge,sink,0.0
2025-01-15T01:00:00.0,1.0,battery charge,sink,0.0
2025-01-15T01:15:00.0,1.25,battery charge,sink,0.0
2025-01-15T01:30:00.0,1.5,battery charge,sink,0.0
2025-01-15T01:45:00.0,1.75,battery charge,sink,0.0
2025-01-15T02:00:00.0,2.0,battery charge,sink,0.0
2025-01-15T02:15:00.0,2.25,battery charge,sink,0.0
2025-01-15T02:30:00.0,2.5,battery charge,sink,0.0
2025-01-15T02:45:00.0,2.75,battery charge,sink,0.0
2025-01-15T03:00:00.0,3.0,battery charge,sink,0.0
2025-01-15T03:15:00.0,3.25,battery charge,sink,0.0
2025-01-15T03:30:00.0,3.5,battery charge,sink,0.0
2025-01-15T03:45:00.0,3.75,battery charge,sink,0.0
2025-01-15T04:00:00.0,4.0,battery charge,sink,0.0
2025-01-15T04:15:00.0,4.25,battery charge,sink,0.0
2025-01-15T04:30:00.0,4.5,battery charge,sink,0.0
2025-01-15T04:45:00.0,4.75,battery charge,sink,0.0
2025-01-15T05:00:00.0,5.0,battery charge,sink,0.0
2025-01-15T05:15:00.0,5.25,battery charge,sink,0.0
2025-01-15T05:30:00.0,5.5,battery charge,sink,0.0
2025-01-15T05:45:00.0,5.75,battery charge,sink,0.0
2025-01-15T06:00:00.0,6.0,battery charge,sink,0.0
2025-01-15T06:15:00.0,6.25,battery charge,sink,0.0
2025-01-15T06:30:00.0,6.5,battery charge,sink,0.0
2025-01-15T06:45:00.0,6.75,battery charge,sink,0.0
2025-01-15T07:00:00.0,7.0,battery charge,sink,0.0
2025-01-15T07:15:00.0,7.25,battery charge,sink,0.0
2025-01-15T07:30:00.0,7.5,battery charge,sink,0.0
2025-01-15T07:45:00.0,7.75,battery charge,sink,0.0
2025-01-15T08:00:00.0,8.0,battery charge,sink,0.0
2025-01-15T08:15:00.0,8.25,battery charge,sink,0.0
2025-01-15T08:30:00.0,8.5,battery charge,sink,0.0
2025-01-15T08:45:00.0,8.75,battery charge,sink,0.0
2025-01-15T09:00:00.0,9.0,battery charge,sink,0.0
2025-01-15T09:15:00.0,9.25,battery charge,sink,0.0
2025-01-15T09:30:00.0,9.5,battery charge,sink,0.05433294515970771
2025-01-15T09:45:00.0,9.75,battery charge,sink,0.11499398071142475
2025-01-15T10:00:00.0,10.0,battery charge,sink,0.1258625144802707
2025-01-15T10:15:00.0,10.25,battery charge,sink,0.13712253678857522
2025-01-15T10:30:00.0,10.5,battery charge,sink,0.16807299283900373
2025-01-15T10:45:00.0,10.75,battery charge,sink,0.13664116884999974
2025-01-15T11:00:00.0,11.0,battery charge,sink,0.18847652698372241
2025-01-15T11:15:00.0,11.25,battery charge,sink,0.16420845341541965
2025-01-15T11:30:00.0,11.5,battery charge,sink,0.1405196906962994
2025-01-15T11:45:00.0,11.75,battery charge,sink,0.1070008345160573
2025-01-15T12:00:00.0,12.0,battery charge,sink,0.06398382817344994
2025-01-15T12:15:00.0,12.25,battery charge,sink,0.043030394533635274
2025-01-15T12:30:00.0,12.5,battery charge,sink,0.05718318307076781
2025-01-15T12:45:00.0,12.75,battery charge,sink,0.060725643307434685
2025-01-15T13:00:00.0,13.0,battery charge,sink,0.15705867408953095
2025-01-15T13:15:00.0,13.25,battery charge,sink,0.12290788918707377
2025-01-15T13:30:00.0,13.5,battery charge,sink,0.05945471883859854
2025-01-15T13:45:00.0,13.75,battery charge,sink,0.044054212752813765
2025-01-15T14:00:00.0,14.0,battery charge,sink,0.0
2025-01-15T14:15:00.0,14.25,battery charge,sink,0.0
2025-01-15T14:30:00.0,14.5,battery charge,sink,0.0
2025-01-15T14:45:00.0,14.75,battery charge,sink,0.0
2025-01-15T15:00:00.0,15.0,battery charge,sink,0.0
2025-01-15T15:15:00.0,15.25,battery charge,sink,0.0
2025-01-15T15:30:00.0,15.5,battery charge,sink,0.0
2025-01-15T15:45:00.0,15.75,battery charge,sink,0.0
2025-01-15T16:00:00.0,16.0,battery charge,sink,0.0
2025-01-15T16:15:00.0,16.25,battery charge,sink,0.0
2025-01-15T16:30:00.0,16.5,battery charge,sink,0.0
2025-01-15T16:45:00.0,16.75,battery charge,sink,0.0
2025-01-15T17:00:00.0,17.0,battery charge,sink,0.0
2025-01-15T17:15:00.0,17.25,battery charge,sink,0.0
2025-01-15T17:30:00.0,17.5,battery charge,sink,0.0
2025-01-15T17:45:00.0,17.75,battery charge,sink,0.0
2025-01-15T18:00:00.0,18.0,battery charge,sink,0.0
2025-01-15T18:15:00.0,18.25,battery charge,sink,0.0
2025-01-15T18:30:00.0,18.5,battery charge,sink,0.0
2025-01-15T18:45:00.0,18.75,battery charge,sink,0.0
2025-01-15T19:00:00.0,19.0,battery charge,sink,0.0
2025-01-15T19:15:00.0,19.25,battery charge,sink,0.0
2025-01-15T19:30:00.0,19.5,battery charge,sink,0.0
2025-01-15T19:45:00.0,19.75,battery charge,sink,0.0
2025-01-15T20:00:00.0,20.0,battery charge,sink,0.0
2025-01-15T20:15:00.0,20.25,battery charge,sink,0.0
2025-01-15T20:30:00.0,20.5,battery charge,sink,0.0
2025-01-15T20:45:00.0,20.75,battery charge,sink,0.0
2025-01-15T21:00:00.0,21.0,battery charge,sink,0.0
2025-01-15T21:15:00.0,21.25,battery charge,sink,0.0
2025-01-15T21:30:00.0,21.5,battery charge,sink,0.0
2025-01-15T21:45:00.0,21.75,battery charge,sink,0.0
2025-01-15T22:00:00.0,22.0,battery charge,sink,0.0
2025-01-15T22:15:00.0,22.25,battery charge,sink,0.0
2025-01-15T22:30:00.0,22.5,battery charge,sink,0.0
2025-01-15T22:45:00.0,22.75,battery charge,sink,0.0
2025-01-15T23:00:00.0,23.0,battery charge,sink,0.0
2025-01-15T23:15:00.0,23.25,battery charge,sink,0.0
2025-01-15T23:30:00.0,23.5,battery charge,sink,0.0
2025-01-15T23:45:00.0,23.75,battery charge,sink,0.0
2025-01-16T00:00:00.0,24.0,battery charge,sink,0.0
2025-01-16T00:15:00.0,24.25,battery charge,sink,0.0
2025-01-16T00:30:00.0,24.5,battery charge,sink,0.0
2025-01-16T00:45:00.0,24.75,battery charge,sink,0.0
2025-01-16T01:00:00.0,25.0,battery charge,sink,0.0
2025-01-16T01:15:00.0,25.25,battery charge,sink,0.0
2025-01-16T01:30:00.0,25.5,battery charge,sink,0.0
2025-01-16T01:45:00.0,25.75,battery charge,sink,0.0
2025-01-16T02:00:00.0,26.0,battery charge,sink,0.0
2025-01-16T02:15:00.0,26.25,battery charge,sink,0.0
2025-01-16T02:30:00.0,26.5,battery charge,sink,0.0
2025-01-16T02:45:00.0,26.75,battery charge,sink,0.0
2025-01-16T03:00:00.0,27.0,battery charge,sink,0.0
2025-01-16T03:15:00.0,27.25,battery charge,sink,0.0
2025-01-16T03:30:00.0,27.5,battery charge,sink,0.0
2025-01-16T03:45:00.0,27.75,battery charge,sink,0.0
2025-01-16T04:00:00.0,28.0,battery charge,sink,0.0
2025-01-16T04:15:00.0,28.25,battery charge,sink,0.0
2025-01-16T04:30:00.0,28.5,battery charge,sink,0.0
2025-01-16T04:45:00.0,28.75,battery charge,sink,0.0
2025-01-16T05:00:00.0,29.0,battery charge,sink,0.0
2025-01-16T05:15:00.0,29.25,battery charge,sink,0.0
2025-01-16T05:30:00.0,29.5,battery charge,sink,0.0
2025-01-16T05:45:00.0,29.75,battery charge,sink,0.0
2025-01-16T06:00:00.0,30.0,battery charge,sink,0.0
2025-01-16T06:15:00.0,30.25,battery charge,sink,0.0
2025-01-16T06:30:00.0,30.5,battery charge,sink,0.0
2025-01-16T06:45:00.0,30.75,battery charge,sink,0.0
2025-01-16T07:00:00.0,31.0,battery charge,sink,0.0
2025-01-16T07:15:00.0,31.25,battery charge,sink,0.0
2025-01-16T07:30:00.0,31.5,battery charge,sink,0.0
2025-01-16T07:45:00.0,31.75,battery charge,sink,0.0
2025-01-16T08:00:00.0,32.0,battery charge,sink,0.0
2025-01-16T08:15:00.0,32.25,battery charge,sink,0.0
2025-01-16T08:30:00.0,32.5,battery charge,sink,0.0
2025-01-16T08:45:00.0,32.75,battery charge,sink,0.0
2025-01-16T09:00:00.0,33.0,battery charge,sink,0.0
2025-01-16T09:15:00.0,33.25,battery charge,sink,0.0
2025-01-16T09:30:00.0,33.5,battery charge,sink,0.0
2025-01-16T09:45:00.0,33.75,battery charge,sink,0.009522621697856837
2025-01-16T10:00:00.0,34.0,battery charge,sink,0.15375599791360506
2025-01-16T10:15:00.0,34.25,battery charge,sink,0.20847025761153312
2025-01-16T10:30:00.0,34.5,battery charge,sink,0.27331842699590686
2025-01-16T10:45:00.0,34.75,battery charge,sink,0.29496928292602476
2025-01-16T11:00:00.0,35.0,battery charge,sink,0.46872949362127636
2025-01-16T11:15:00.0,35.25,battery charge,sink,0.41612244548679633
2025-01-16T11:30:00.0,35.5,battery charge,sink,0.35860453106252677
2025-01-16T11:45:00.0,35.75,battery charge,sink,0.3517314449341981
2025-01-16T12:00:00.0,36.0,battery charge,sink,0.19112551300039488
2025-01-16T12:15:00.0,36.25,battery charge,sink,0.2042562844336282
2025-01-16T12:30:00.0,36.5,battery charge,sink,0.19137182211529752
2025-01-16T12:45:00.0,36.75,battery charge,sink,0.19358731226931858
2025-01-16T13:00:00.0,37.0,battery charge,sink,0.13758328099267308
2025-01-16T13:15:00.0,37.25,battery charge,sink,0.15989719544405823
2025-01-16T13:30:00.0,37.5,battery charge,sink,0.10719566248495216
2025-01-16T13:45:00.0,37.75,battery charge,sink,0.09276524517564158
2025-01-16T14:00:00.0,38.0,battery charge,sink,0.04348734005051491
2025-01-16T14:15:00.0,38.25,battery charge,sink,0.08136022414489169
2025-01-16T14:30:00.0,38.5,battery charge,sink,0.08106878238488241
2025-01-16T14:45:00.0,38.75,battery charge,sink,0.0018667500686643246
2025-01-16T15:00:00.0,39.0,battery charge,sink,0.027753886704236536
2025-01-16T15:15:00.0,39.25,battery charge,sink,0.0
2025-01-16T15:30:00.0,39.5,battery charge,sink,0.0
2025-01-16T15:45:00.0,39.75,battery charge,sink,0.0
2025-01-16T16:00:00.0,40.0,battery charge,sink,0.0
2025-01-16T16:15:00.0,40.25,battery charge,sink,0.0
2025-01-16T16:30:00.0,40.5,battery charge,sink,0.0
2025-01-16T16:45:00.0,40.75,battery charge,sink,0.0
2025-01-16T17:00:00.0,41.0,battery charge,sink,0.0
2025-01-16T17:15:00.0,41.25,battery charge,sink,0.0
2025-01-16T17:30:00.0,41.5,battery charge,sink,0.0
2025-01-16T17:45:00.0,41.75,battery charge,sink,0.0
2025-01-16T18:00:00.0,42.0,battery charge,sink,0.0
2025-01-16T18:15:00.0,42.25,battery charge,sink,0.0
2025-01-16T18:30:00.0,42.5,battery charge,sink,0.0
2025-01-16T18:45:00.0,42.75,battery charge,sink,0.0
2025-01-16T19:00:00.0,43.0,battery charge,sink,0.0
2025-01-16T19:15:00.0,43.25,battery charge,sink,0.0
2025-01-16T19:30:00.0,43.5,battery charge,sink,0.0
2025-01-16T19:45:00.0,43.75,battery charge,sink,0.0
2025-01-16T20:00:00.0,44.0,battery charge,sink,0.0
2025-01-16T20:15:00.0,44.25,battery charge,sink,0.0
2025-01-16T20:30:00.0,44.5,battery charge,sink,0.0
2025-01-16T20:45:00.0,44.75,battery charge,sink,0.0
2025-01-16T21:00:00.0,45.0,battery charge,sink,0.0
2025-01-16T21:15:00.0,45.25,battery charge,sink,0.0
2025-01-16T21:30:00.0,45.5,battery charge,sink,0.0
2025-01-16T21:45:00.0,45.75,battery charge,sink,0.0
2025-01-16T22:00:00.0,46.0,battery charge,sink,0.0
2025-01-16T22:15:00.0,46.25,battery charge,sink,0.0
2025-01-16T22:30:00.0,46.5,battery charge,sink,0.0
2025-01-16T22:45:00.0,46.75,battery charge,sink,0.0
2025-01-16T23:00:00.0,47.0,battery charge,sink,0.0
2025-01-16T23:15:00.0,47.25,battery charge,sink,0.0
2025-01-16T23:30:00.0,47.5,battery charge,sink,0.0
2025-01-16T23:45:00.0,47.75,battery charge,sink,0.0
2025-01-17T00:00:00.0,48.0,battery charge,sink,0.0
2025-01-17T00:15:00.0,48.25,battery charge,sink,0.0
2025-01-17T00:30:00.0,48.5,battery charge,sink,0.0
2025-01-17T00:45:00.0,48.75,battery charge,sink,0.0
2025-01-17T01:00:00.0,49.0,battery charge,sink,0.0
2025-01-17T01:15:00.0,49.25,battery charge,sink,0.0
2025-01-17T01:30:00.0,49.5,battery charge,sink,0.0
2025-01-17T01:45:00.0,49.75,battery charge,sink,0.0
2025-01-17T02:00:00.0,50.0,battery charge,sink,0.0
2025-01-17T02:15:00.0,50.25,battery charge,sink,0.0
2025-01-17T02:30:00.0,50.5,battery charge,sink,0.0
2025-01-17T02:45:00.0,50.75,battery charge,sink,0.0
2025-01-17T03:00:00.0,51.0,battery charge,sink,0.0
2025-01-17T03:15:00.0,51.25,battery charge,sink,0.0
2025-01-17T03:30:00.0,51.5,battery charge,sink,0.0
2025-01-17T03:45:00.0,51.75,battery charge,sink,0.0
2025-01-17T04:00:00.0,52.0,battery charge,sink,0.0
2025-01-17T04:15:00.0,52.25,battery charge,sink,0.0
2025-01-17T04:30:00.0,52.5,battery charge,sink,0.0
2025-01-17T04:45:00.0,52.75,battery charge,sink,0.0
2025-01-17T05:00:00.0,53.0,battery charge,sink,0.0
2025-01-17T05:15:00.0,53.25,battery charge,sink,0.0
2025-01-17T05:30:00.0,53.5,battery charge,sink,0.0
2025-01-17T05:45:00.0,53.75,battery charge,sink,0.0
2025-01-17T06:00:00.0,54.0,battery charge,sink,0.0
2025-01-17T06:15:00.0,54.25,battery charge,sink,0.0
2025-01-17T06:30:00.0,54.5,battery charge,sink,0.0
2025-01-17T06:45:00.0,54.75,battery charge,sink,0.0
2025-01-17T07:00:00.0,55.0,battery charge,sink,0.0
2025-01-17T07:15:00.0,55.25,battery charge,sink,0.0
2025-01-17T07:30:00.0,55.5,battery charge,sink,0.0
2025-01-17T07:45:00.0,55.75,battery charge,sink,0.0
2025-01-17T08:00:00.0,56.0,battery charge,sink,0.0
2025-01-17T08:15:00.0,56.25,battery charge,sink,0.0
2025-01-17T08:30:00.0,56.5,battery charge,sink,0.0
2025-01-17T08:45:00.0,56.75,battery charge,sink,0.0
2025-01-17T09:00:00.0,57.0,battery charge,sink,0.0
2025-01-17T09:15:00.0,57.25,battery charge,sink,0.0
2025-01-17T09:30:00.0,57.5,battery charge,sink,0.0
2025-01-17T09:45:00.0,57.75,battery charge,sink,0.1211516553158653
2025-01-17T10:00:00.0,58.0,battery charge,sink,0.20410283977022065
2025-01-17T10:15:00.0,58.25,battery charge,sink,0.28261411963691996
2025-01-17T10:30:00.0,58.5,battery charge,sink,0.4298524553773224
2025-01-17T10:45:00.0,58.75,battery charge,sink,0.48371072464439113
2025-01-17T11:00:00.0,59.0,battery charge,sink,0.8561799365495981
2025-01-17T11:15:00.0,59.25,battery charge,sink,0.7733124921459849
2025-01-17T11:30:00.0,59.5,battery charge,sink,0.6576781995465378
2025-01-17T11:45:00.0,59.75,battery charge,sink,0.5467864451105883
2025-01-17T12:00:00.0,60.0,battery charge,sink,0.2822666120333407
2025-01-17T12:15:00.0,60.25,battery charge,sink,0.2957414535210797
2025-01-17T12:30:00.0,60.5,battery charge,sink,0.33925709074992577
2025-01-17T12:45:00.0,60.75,battery charge,sink,0.3657337018944695
2025-01-17T13:00:00.0,61.0,battery charge,sink,0.4609697174671928
2025-01-17T13:15:00.0,61.25,battery charge,sink,0.3907633143004656
2025-01-17T13:30:00.0,61.5,battery charge,sink,0.29573798195864676
2025-01-17T13:45:00.0,61.75,battery charge,sink,0.2169903165243336
2025-01-17T14:00:00.0,62.0,battery charge,sink,0.01182787018990153
2025-01-17T14:15:00.0,62.25,battery charge,sink,0.025726336335999217
2025-01-17T14:30:00.0,62.5,battery charge,sink,0.05980974304178932
2025-01-17T14:45:00.0,62.75,battery charge,sink,0.02708165049544961
2025-01-17T15:00:00.0,63.0,battery charge,sink,0.06591523447157838
2025-01-17T15:15:00.0,63.25,battery charge,sink,0.0
2025-01-17T15:30:00.0,63.5,battery charge,sink,0.0
2025-01-17T15:45:00.0,63.75,battery charge,sink,0.0
2025-01-17T16:00:00.0,64.0,battery charge,sink,0.0
2025-01-17T16:15:00.0,64.25,battery charge,sink,0.0
2025-01-17T16:30:00.0,64.5,battery charge,sink,0.0
2025-01-17T16:45:00.0,64.75,battery charge,sink,0.0
2025-01-17T17:00:00.0,65.0,battery charge,sink,0.0
2025-01-17T17:15:00.0,65.25,battery charge,sink,0.0
2025-01-17T17:30:00.0,65.5,battery charge,sink,0.0
2025-01-17T17:45:00.0,65.75,battery charge,sink,0.0
2025-01-17T18:00:00.0,66.0,battery charge,sink,0.0
2025-01-17T18:15:00.0,66.25,battery charge,sink,0.0
2025-01-17T18:30:00.0,66.5,battery charge,sink,0.0
2025-01-17T18:45:00.0,66.75,battery charge,sink,0.0
2025-01-17T19:00:00.0,67.0,battery charge,sink,0.0
2025-01-17T19:15:00.0,67.25,battery charge,sink,0.0
2025-01-17T19:30:00.0,67.5,battery charge,sink,0.0
2025-01-17T19:45:00.0,67.75,battery charge,sink,0.0
2025-01-17T20:00:00.0,68.0,battery charge,sink,0.0
2025-01-17T20:15:00.0,68.25,battery charge,sink,0.0
2025-01-17T20:30:00.0,68.5,battery charge,sink,0.0
2025-01-17T20:45:00.0,68.75,battery charge,sink,0.0
2025-01-17T21:00:00.0,69.0,battery charge,sink,0.0
2025-01-17T21:15:00.0,69.25,battery charge,sink,0.0
2025-01-17T21:30:00.0,69.5,battery charge,sink,0.0
2025-01-17T21:45:00.0,69.75,battery charge,sink,0.0
2025-01-17T22:00:00.0,70.0,battery charge,sink,0.0
2025-01-17T22:15:00.0,70.25,battery charge,sink,0.0
2025-01-17T22:30:00.0,70.5,battery charge,sink,0.0
2025-01-17T22:45:00.0,70.75,battery charge,sink,0.0
2025-01-17T23:00:00.0,71.0,battery charge,sink,0.0
2025-01-17T23:15:00.0,71.25,battery charge,sink,0.0
2025-01-17T23:30:00.0,71.5,battery charge,sink,0.0
2025-01-17T23:45:00.0,71.75,battery charge,sink,0.0
2025-01-15T00:00:00.0,0.0,base load,sink,0.1667164508071523
2025-01-15T00:15:00.0,0.25,base load,sink,0.18337245022107404
2025-01-15T00:30:00.0,0.5,base load,sink,0.18040123429499988
2025-01-15T00:45:00.0,0.75,base load,sink,0.1697989408258244
2025-01-15T01:00:00.0,1.0,base load,sink,0.17629036174789967
2025-01-15T01:15:00.0,1.25,base load,sink,0.19493228314559866
2025-01-15T01:30:00.0,1.5,base load,sink,0.179079613783843
2025-01-15T01:45:00.0,1.75,base load,sink,0.17517062836658784
2025-01-15T02:00:00.0,2.0,base load,sink,0.1878629943701103
2025-01-15T02:15:00.0,2.25,base load,sink,0.16280781981633924
2025-01-15T02:30:00.0,2.5,base load,sink,0.16545119265143707
2025-01-15T02:45:00.0,2.75,base load,sink,0.17824038941996576
2025-01-15T03:00:00.0,3.0,base load,sink,0.19484311128177476
2025-01-15T03:15:00.0,3.25,base load,sink,0.1785694314032536
2025-01-15T03:30:00.0,3.5,base load,sink,0.1996684674967363
2025-01-15T03:45:00.0,3.75,base load,sink,0.19290767957837676
2025-01-15T04:00:00.0,4.0,base load,sink,0.1578317987050403
2025-01-15T04:15:00.0,4.25,base load,sink,0.16108148051592897
2025-01-15T04:30:00.0,4.5,base load,sink,0.21404156854483314
2025-01-15T04:45:00.0,4.75,base load,sink,0.19234345926420512
2025-01-15T05:00:00.0,5.0,base load,sink,0.22439595316499325
2025-01-15T05:15:00.0,5.25,base load,sink,0.20662908824329423
2025-01-15T05:30:00.0,5.5,base load,sink,0.24167521093679364
2025-01-15T05:45:00.0,5.75,base load,sink,0.36197853389592766
2025-01-15T06:00:00.0,6.0,base load,sink,0.36013031592138284
2025-01-15T06:15:00.0,6.25,base load,sink,0.5255014804780712
2025-01-15T06:30:00.0,6.5,base load,sink,0.7075689541096142
2025-01-15T06:45:00.0,6.75,base load,sink,0.635091113206362
2025-01-15T07:00:00.0,7.0,base load,sink,0.786834688459949
2025-01-15T07:15:00.0,7.25,base load,sink,0.7942697013699049
2025-01-15T07:30:00.0,7.5,base load,sink,0.8721377658879274
2025-01-15T07:45:00.0,7.75,base load,sink,0.9039500619383731
2025-01-15T08:00:00.0,8.0,base load,sink,0.8204292490173317
2025-01-15T08:15:00.0,8.25,base load,sink,0.6696322244482147
2025-01-15T08:30:00.0,8.5,base load,sink,0.6915062923558951
2025-01-15T08:45:00.0,8.75,base load,sink,0.5887809239902874
2025-01-15T09:00:00.0,9.0,base load,sink,0.39460635524094834
2025-01-15T09:15:00.0,9.25,base load,sink,0.3897184625240786
2025-01-15T09:30:00.0,9.5,base load,sink,0.2847544325736332
2025-01-15T09:45:00.0,9.75,base load,sink,0.2309131155715365
2025-01-15T10:00:00.0,10.0,base load,sink,0.19219987777381803
2025-01-15T10:15:00.0,10.25,base load,sink,0.19271942628771055
2025-01-15T10:30:00.0,10.5,base load,sink,0.16921288249643301
2025-01-15T10:45:00.0,10.75,base load,sink,0.20395694047714344
2025-01-15T11:00:00.0,11.0,base load,sink,0.16815818211759292
2025-01-15T11:15:00.0,11.25,base load,sink,0.17637556618363567
2025-01-15T11:30:00.0,11.5,base load,sink,0.1814837719450734
2025-01-15T11:45:00.0,11.75,base load,sink,0.19367842112063055
2025-01-15T12:00:00.0,12.0,base load,sink,0.16899309347438254
2025-01-15T12:15:00.0,12.25,base load,sink,0.19740647222104868
2025-01-15T12:30:00.0,12.5,base load,sink,0.19507529651367866
2025-01-15T12:45:00.0,12.75,base load,sink,0.2006403808640322
2025-01-15T13:00:00.0,13.0,base load,sink,0.1661453507406182
2025-01-15T13:15:00.0,13.25,base load,sink,0.16291404751123187
2025-01-15T13:30:00.0,13.5,base load,sink,0.18823186707653589
2025-01-15T13:45:00.0,13.75,base load,sink,0.16520938205021354
2025-01-15T14:00:00.0,14.0,base load,sink,0.2069503482663223
2025-01-15T14:15:00.0,14.25,base load,sink,0.16362587163219963
2025-01-15T14:30:00.0,14.5,base load,sink,0.16269486425447063
2025-01-15T14:45:00.0,14.75,base load,sink,0.1966718035652755
2025-01-15T15:00:00.0,15.0,base load,sink,0.2161555438944445
2025-01-15T15:15:00.0,15.25,base load,sink,0.23235904496426377
2025-01-15T15:30:00.0,15.5,base load,sink,0.2605589481081302
2025-01-15T15:45:00.0,15.75,base load,sink,0.30931179076839505
2025-01-15T16:00:00.0,16.0,base load,sink,0.3010250924805094
2025-01-15T16:15:00.0,16.25,base load,sink,0.3958768224693182
2025-01-15T16:30:00.0,16.5,base load,sink,0.4914021758130509
2025-01-15T16:45:00.0,16.75,base load,sink,0.533848920160092
2025-01-15T17:00:00.0,17.0,base load,sink,0.6490078130820648
2025-01-15T17:15:00.0,17.25,base load,sink,0.8205220475055441
2025-01-15T17:30:00.0,17.5,base load,sink,1.0639146854902315
2025-01-15T17:45:00.0,17.75,base load,sink,1.0062398079744748
2025-01-15T18:00:00.0,18.0,base load,sink,1.1531173300675368
2025-01-15T18:15:00.0,18.25,base load,sink,1.3540867200193527
2025-01-15T18:30:00.0,18.5,base load,sink,1.4754367922882297
2025-01-15T18:45:00.0,18.75,base load,sink,1.4575533265571872
2025-01-15T19:00:00.0,19.0,base load,sink,1.7000275953285748
2025-01-15T19:15:00.0,19.25,base load,sink,1.3713156172503942
2025-01-15T19:30:00.0,19.5,base load,sink,1.5732269255186946
2025-01-15T19:45:00.0,19.75,base load,sink,1.3303007539637592
2025-01-15T20:00:00.0,20.0,base load,sink,1.2189269033129635
2025-01-15T20:15:00.0,20.25,base load,sink,0.9239807236024157
2025-01-15T20:30:00.0,20.5,base load,sink,0.8034562920785341
2025-01-15T20:45:00.0,20.75,base load,sink,0.8796624444924274
2025-01-15T21:00:00.0,21.0,base load,sink,0.6030375736991395
2025-01-15T21:15:00.0,21.25,base load,sink,0.5360469152431654
2025-01-15T21:30:00.0,21.5,base load,sink,0.517121466254946
2025-01-15T21:45:00.0,21.75,base load,sink,0.376460780911471
2025-01-15T22:00:00.0,22.0,base load,sink,0.34128965657545524
2025-01-15T22:15:00.0,22.25,base load,sink,0.2994057080526598
2025-01-15T22:30:00.0,22.5,base load,sink,0.21861814026006612
2025-01-15T22:45:00.0,22.75,base load,sink,0.20063095474323905
2025-01-15T23:00:00.0,23.0,base load,sink,0.17529870606552003
2025-01-15T23:15:00.0,23.25,base load,sink,0.20445571551233557
2025-01-15T23:30:00.0,23.5,base load,sink,0.21438324803963446
2025-01-15T23:45:00.0,23.75,base load,sink,0.1850947414223543
2025-01-16T00:00:00.0,24.0,base load,sink,0.15770547729559703
2025-01-16T00:15:00.0,24.25,base load,sink,0.1932374635919922
2025-01-16T00:30:00.0,24.5,base load,sink,0.18804765243508265
2025-01-16T00:45:00.0,24.75,base load,sink,0.1621154617773194
2025-01-16T01:00:00.0,25.0,base load,sink,0.15964871652512597
2025-01-16T01:15:00.0,25.25,base load,sink,0.20088879379087501
2025-01-16T01:30:00.0,25.5,base load,sink,0.18517235565707685
2025-01-16T01:45:00.0,25.75,base load,sink,0.185638253832306
2025-01-16T02:00:00.0,26.0,base load,sink,0.19326661976083268
2025-01-16T02:15:00.0,26.25,base load,sink,0.17546431052045366
2025-01-16T02:30:00.0,26.5,base load,sink,0.1638652165986943
2025-01-16T02:45:00.0,26.75,base load,sink,0.16446089412032122
2025-01-16T03:00:00.0,27.0,base load,sink,0.1826282657554153
2025-01-16T03:15:00.0,27.25,base load,sink,0.18457898571393072
2025-01-16T03:30:00.0,27.5,base load,sink,0.16652600760306704
2025-01-16T03:45:00.0,27.75,base load,sink,0.18447139748082808
2025-01-16T04:00:00.0,28.0,base load,sink,0.15931671596317912
2025-01-16T04:15:00.0,28.25,base load,sink,0.18452628408588861
2025-01-16T04:30:00.0,28.5,base load,sink,0.18246679495093948
2025-01-16T04:45:00.0,28.75,base load,sink,0.1825157177393243
2025-01-16T05:00:00.0,29.0,base load,sink,0.18477498835719072
2025-01-16T05:15:00.0,29.25,base load,sink,0.24857729488674274
2025-01-16T05:30:00.0,29.5,base load,sink,0.28585184213363757
2025-01-16T05:45:00.0,29.75,base load,sink,0.3016664309637574
2025-01-16T06:00:00.0,30.0,base load,sink,0.45401979713816143
2025-01-16T06:15:00.0,30.25,base load,sink,0.528675840099424
2025-01-16T06:30:00.0,30.5,base load,sink,0.6294819675771506
2025-01-16T06:45:00.0,30.75,base load,sink,0.6712612669380633
2025-01-16T07:00:00.0,31.0,base load,sink,0.7587831608823656
2025-01-16T07:15:00.0,31.25,base load,sink,1.0322716756469381
2025-01-16T07:30:00.0,31.5,base load,sink,0.9187206068602194
2025-01-16T07:45:00.0,31.75,base load,sink,0.8519453100862282
2025-01-16T08:00:00.0,32.0,base load,sink,0.9375755563097112
2025-01-16T08:15:00.0,32.25,base load,sink,0.7386632859804031
2025-01-16T08:30:00.0,32.5,base load,sink,0.7150715444989367
2025-01-16T08:45:00.0,32.75,base load,sink,0.5247198483812247
2025-01-16T09:00:00.0,33.0,base load,sink,0.3841849646049543
2025-01-16T09:15:00.0,33.25,base load,sink,0.3383914423982692
2025-01-16T09:30:00.0,33.5,base load,sink,0.266132536127161
2025-01-16T09:45:00.0,33.75,base load,sink,0.26370758825408497
2025-01-16T10:00:00.0,34.0,base load,sink,0.19412893135644838
2025-01-16T10:15:00.0,34.25,base load,sink,0.1886514386224011
2025-01-16T10:30:00.0,34.5,base load,sink,0.17122977919655796
2025-01-16T10:45:00.0,34.75,base load,sink,0.194626341471691
2025-01-16T11:00:00.0,35.0,base load,sink,0.1883067966974672
2025-01-16T11:15:00.0,35.25,base load,sink,0.19502336779765672
2025-01-16T11:30:00.0,35.5,base load,sink,0.20266969628038645
2025-01-16T11:45:00.0,35.75,base load,sink,0.1569223596618809
2025-01-16T12:00:00.0,36.0,base load,sink,0.18987332364953557
2025-01-16T12:15:00.0,36.25,base load,sink,0.175933831889457
2025-01-16T12:30:00.0,36.5,base load,sink,0.1836128797012439
2025-01-16T12:45:00.0,36.75,base load,sink,0.17161787983975085
2025-01-16T13:00:00.0,37.0,base load,sink,0.19901765145132438
2025-01-16T13:15:00.0,37.25,base load,sink,0.16585791555557855
2025-01-16T13:30:00.0,37.5,base load,sink,0.20762802048164708
2025-01-16T13:45:00.0,37.75,base load,sink,0.20617256465850078
2025-01-16T14:00:00.0,38.0,base load,sink,0.1793385156998267
2025-01-16T14:15:00.0,38.25,base load,sink,0.1606199598282935
2025-01-16T14:30:00.0,38.5,base load,sink,0.16232164518149916
2025-01-16T14:45:00.0,38.75,base load,sink,0.22288556226113887
2025-01-16T15:00:00.0,39.0,base load,sink,0.18194198194394
2025-01-16T15:15:00.0,39.25,base load,sink,0.2332527907255508
2025-01-16T15:30:00.0,39.5,base load,sink,0.2782329435336233
2025-01-16T15:45:00.0,39.75,base load,sink,0.2527784452268536
2025-01-16T16:00:00.0,40.0,base load,sink,0.2995909078182676
2025-01-16T16:15:00.0,40.25,base load,sink,0.3266398217395436
2025-01-16T16:30:00.0,40.5,base load,sink,0.515604354808999
2025-01-16T16:45:00.0,40.75,base load,sink,0.6126529674431075
2025-01-16T17:00:00.0,41.0,base load,sink,0.7035598043727533
2025-01-16T17:15:00.0,41.25,base load,sink,0.6927100357688684
2025-01-16T17:30:00.0,41.5,base load,sink,1.0207207295056222
2025-01-16T17:45:00.0,41.75,base load,sink,1.185164989473796
2025-01-16T18:00:00.0,42.0,base load,sink,1.0839069036678313
2025-01-16T18:15:00.0,42.25,base load,sink,1.2765032454564416
2025-01-16T18:30:00.0,42.5,base load,sink,1.3719108563852516
2025-01-16T18:45:00.0,42.75,base load,sink,1.6954735873665776
2025-01-16T19:00:00.0,43.0,base load,sink,1.6878887316253666
2025-01-16T19:15:00.0,43.25,base load,sink,1.654620783278097
2025-01-16T19:30:00.0,43.5,base load,sink,1.6052730721957313
2025-01-16T19:45:00.0,43.75,base load,sink,1.4777173229356262
2025-01-16T20:00:00.0,44.0,base load,sink,1.1985844830827277
2025-01-16T20:15:00.0,44.25,base load,sink,1.194367798948358
2025-01-16T20:30:00.0,44.5,base load,sink,1.0393756815845723
2025-01-16T20:45:00.0,44.75,base load,sink,0.7074193492983628
2025-01-16T21:00:00.0,45.0,base load,sink,0.5760442791994548
2025-01-16T21:15:00.0,45.25,base load,sink,0.5376617509381965
2025-01-16T21:30:00.0,45.5,base load,sink,0.4415629721813562
2025-01-16T21:45:00.0,45.75,base load,sink,0.4058964888177626
2025-01-16T22:00:00.0,46.0,base load,sink,0.32620709811525467
2025-01-16T22:15:00.0,46.25,base load,sink,0.25764990057311526
2025-01-16T22:30:00.0,46.5,base load,sink,0.20762946444679056
2025-01-16T22:45:00.0,46.75,base load,sink,0.2237527493857189
2025-01-16T23:00:00.0,47.0,base load,sink,0.19997960177006094
2025-01-16T23:15:00.0,47.25,base load,sink,0.18051082833233834
2025-01-16T23:30:00.0,47.5,base load,sink,0.19922667099220506
2025-01-16T23:45:00.0,47.75,base load,sink,0.19286590796110542
2025-01-17T00:00:00.0,48.0,base load,sink,0.1780823164334604
2025-01-17T00:15:00.0,48.25,base load,sink,0.20345228578813176
2025-01-17T00:30:00.0,48.5,base load,sink,0.20495764507282177
2025-01-17T00:45:00.0,48.75,base load,sink,0.18656145391067488
2025-01-17T01:00:00.0,49.0,base load,sink,0.19682657833687534
2025-01-17T01:15:00.0,49.25,base load,sink,0.15987170876825374
2025-01-17T01:30:00.0,49.5,base load,sink,0.19454952007090323
2025-01-17T01:45:00.0,49.75,base load,sink,0.15854257415953363
2025-01-17T02:00:00.0,50.0,base load,sink,0.17750564228373533
2025-01-17T02:15:00.0,50.25,base load,sink,0.16984666534940668
2025-01-17T02:30:00.0,50.5,base load,sink,0.1686959043736625
2025-01-17T02:45:00.0,50.75,base load,sink,0.1679927310188067
2025-01-17T03:00:00.0,51.0,base load,sink,0.17755401681410093
2025-01-17T03:15:00.0,51.25,base load,sink,0.16860867417617306
2025-01-17T03:30:00.0,51.5,base load,sink,0.19591913935816394
2025-01-17T03:45:00.0,51.75,base load,sink,0.20266580359433123
2025-01-17T04:00:00.0,52.0,base load,sink,0.18785841159196068
2025-01-17T04:15:00.0,52.25,base load,sink,0.16647069694961164
2025-01-17T04:30:00.0,52.5,base load,sink,0.18385687790953098
2025-01-17T04:45:00.0,52.75,base load,sink,0.20176993403189136
2025-01-17T05:00:00.0,53.0,base load,sink,0.23787835847956637
2025-01-17T05:15:00.0,53.25,base load,sink,0.23202339086748414
2025-01-17T05:30:00.0,53.5,base load,sink,0.30131296896880283
2025-01-17T05:45:00.0,53.75,base load,sink,0.35046324533843237
2025-01-17T06:00:00.0,54.0,base load,sink,0.4526964495961567
2025-01-17T06:15:00.0,54.25,base load,sink,0.45292154068993495
2025-01-17T06:30:00.0,54.5,base load,sink,0.6891816357016819
2025-01-17T06:45:00.0,54.75,base load,sink,0.6479277017946216
2025-01-17T07:00:00.0,55.0,base load,sink,0.761521169119134
2025-01-17T07:15:00.0,55.25,base load,sink,0.8240455596656642
2025-01-17T07:30:00.0,55.5,base load,sink,0.8848794983811445
2025-01-17T07:45:00.0,55.75,base load,sink,0.8241580565235888
2025-01-17T08:00:00.0,56.0,base load,sink,0.8983740315814333
2025-01-17T08:15:00.0,56.25,base load,sink,0.6688828397582047
2025-01-17T08:30:00.0,56.5,base load,sink,0.7119125834192171
2025-01-17T08:45:00.0,56.75,base load,sink,0.451994881480485
2025-01-17T09:00:00.0,57.0,base load,sink,0.41548849848448816
2025-01-17T09:15:00.0,57.25,base load,sink,0.3078743627647608
2025-01-17T09:30:00.0,57.5,base load,sink,0.31393006031586257
2025-01-17T09:45:00.0,57.75,base load,sink,0.21250144857545228
2025-01-17T10:00:00.0,58.0,base load,sink,0.21689073854110325
2025-01-17T10:15:00.0,58.25,base load,sink,0.22218496789893402
2025-01-17T10:30:00.0,58.5,base load,sink,0.1613398119543141
2025-01-17T10:45:00.0,58.75,base load,sink,0.19523559954982642
2025-01-17T11:00:00.0,59.0,base load,sink,0.19905995020690687
2025-01-17T11:15:00.0,59.25,base load,sink,0.181179027294069
2025-01-17T11:30:00.0,59.5,base load,sink,0.19222255128948573
2025-01-17T11:45:00.0,59.75,base load,sink,0.1973220764465543
2025-01-17T12:00:00.0,60.0,base load,sink,0.18608010204853284
2025-01-17T12:15:00.0,60.25,base load,sink,0.1960080207119622
2025-01-17T12:30:00.0,60.5,base load,sink,0.1713326690720896
2025-01-17T12:45:00.0,60.75,base load,sink,0.1584215890608841
2025-01-17T13:00:00.0,61.0,base load,sink,0.18059991425410898
2025-01-17T13:15:00.0,61.25,base load,sink,0.17455827275283653
2025-01-17T13:30:00.0,61.5,base load,sink,0.19284466348007132
2025-01-17T13:45:00.0,61.75,base load,sink,0.19531504300412755
2025-01-17T14:00:00.0,62.0,base load,sink,0.20658881006804733
2025-01-17T14:15:00.0,62.25,base load,sink,0.21223563644734458
2025-01-17T14:30:00.0,62.5,base load,sink,0.18179446003908764
2025-01-17T14:45:00.0,62.75,base load,sink,0.19958053160155645
2025-01-17T15:00:00.0,63.0,base load,sink,0.17593874470423512
2025-01-17T15:15:00.0,63.25,base load,sink,0.19257628740363006
2025-01-17T15:30:00.0,63.5,base load,sink,0.2575706600329185
2025-01-17T15:45:00.0,63.75,base load,sink,0.2854098772721832
2025-01-17T16:00:00.0,64.0,base load,sink,0.2880919271398289
2025-01-17T16:15:00.0,64.25,base load,sink,0.4112276250865415
2025-01-17T16:30:00.0,64.5,base load,sink,0.43134027810748443
2025-01-17T16:45:00.0,64.75,base load,sink,0.5308118536329783
2025-01-17T17:00:00.0,65.0,base load,sink,0.7600833062588183
2025-01-17T17:15:00.0,65.25,base load,sink,0.9024903623307734
2025-01-17T17:30:00.0,65.5,base load,sink,1.0345683718402574
2025-01-17T17:45:00.0,65.75,base load,sink,1.0254698330591314
2025-01-17T18:00:00.0,66.0,base load,sink,1.2144224316831238
2025-01-17T18:15:00.0,66.25,base load,sink,1.243390625806917
2025-01-17T18:30:00.0,66.5,base load,sink,1.2873269276005417
2025-01-17T18:45:00.0,66.75,base load,sink,1.5641222093015403
2025-01-17T19:00:00.0,67.0,base load,sink,1.3129277628721936
2025-01-17T19:15:00.0,67.25,base load,sink,1.4813273732195396
2025-01-17T19:30:00.0,67.5,base load,sink,1.3005204968319408
2025-01-17T19:45:00.0,67.75,base load,sink,1.4468019800323144
2025-01-17T20:00:00.0,68.0,base load,sink,1.0364266113377592
2025-01-17T20:15:00.0,68.25,base load,sink,0.9806823383692288
2025-01-17T20:30:00.0,68.5,base load,sink,0.9059392538147514
2025-01-17T20:45:00.0,68.75,base load,sink,0.827403416917644
2025-01-17T21:00:00.0,69.0,base load,sink,0.640979162721433
2025-01-17T21:15:00.0,69.25,base load,sink,0.5759465014728675
2025-01-17T21:30:00.0,69.5,base load,sink,0.3906177661191444
2025-01-17T21:45:00.0,69.75,base load,sink,0.3878799409163185
2025-01-17T22:00:00.0,70.0,base load,sink,0.3108307522707414
2025-01-17T22:15:00.0,70.25,base load,sink,0.25340810067558944
2025-01-17T22:30:00.0,70.5,base load,sink,0.23785097585000564
2025-01-17T22:45:00.0,70.75,base load,sink,0.24831692994681412
2025-01-17T23:00:00.0,71.0,base load,sink,0.21788990388571458
2025-01-17T23:15:00.0,71.25,base load,sink,0.20826930617229225
2025-01-17T23:30:00.0,71.5,base load,sink,0.18228921389064887
2025-01-17T23:45:00.0,71.75,base load,sink,0.1696196151635757
