name,scenario,pv_kwp,battery_kwh,battery_kw,orientation,ev_kwh_per_day,ev_charge_kw,connection_kw,battery_efficiency,ev_efficiency,annual_bill,imported_kwh,exported_kwh,solar_available_kwh,solar_curtailed_kwh,base_load_kwh,ev_charge_kwh,battery_charge_kwh,battery_discharge_kwh,peak_import_kw,peak_export_kw,solar_curtailed_share,solar_to_load_share,solar_to_export_share,solar_to_battery_share,solar_to_ev_share,ev_from_solar_share,ev_from_grid_share,ev_from_battery_share,load_from_solar_share,load_from_grid_share,load_from_battery_share,battery_from_solar_share,battery_from_grid_share,self_consumption,self_sufficiency,capex,annual_savings,npv,irr,payback_years,lifetime_years,cycles_per_year
base|pv=00.0|bat=02.5,base,0.0,2.5,1.25,south,10.0,12.0,17.25,0.95,0.92,1245.5651978388898,6418.60414356566,5.87797657342651,0.0,0.0,3500.0,2839.1304347826103,765.7895611243459,692.1938289147223,14.319897129267877,0.9171151468928354,NaN,NaN,NaN,NaN,NaN,0.0,1.0,0.0,0.0,0.8039097564739139,0.19609024352608606,0.0,1.0,NaN,0.1960902435260845,1400.0,93.2490135632072,-181.09133533699222,-0.017626326805879042,Inf,15.0,276.87753156588894
base|pv=03.0|bat=07.5,base,3.0,7.5,3.75,south,10.0,12.0,17.25,0.95,0.92,557.3344809379497,3733.9716268674897,738.7412162910681,3591.9103823688893,42.44337023545712,3500.0,2839.13043478261,2141.2639787409607,1935.696990813717,16.1447749986061,3.806125615661524,0.011816377837206904,0.26161655541175916,0.16137332720877326,0.5037679868553739,0.06142575268688712,0.07771245593996357,0.8646873421484887,0.057600201911547695,0.2684866347380239,0.27063913164353326,0.46087423361844276,0.8450566956040851,0.1549433043959149,0.8373286186685583,0.7335378155924105,3400.0,372.0242946574226,1462.9322595000324,0.05121452320265342,9.991398389528017,15.0,258.09293210849563
base|pv=06.0|bat=10.0,base,6.0,10.0,5.0,south,10.0,12.0,17.25,0.95,0.92,115.30992406743422,2626.0544872755486,3075.0261432003754,7183.8207647377785,105.20264334334388,3500.0,2839.13043478261,3023.497750635871,2732.9817199488734,17.249999999999993,5.936801605213233,0.01464438587606994,0.1485945063393572,0.36386685524616663,0.3960902903946976,0.07680396214370958,0.19433622749507892,0.6501490354171123,0.15551473708780872,0.3049932286190387,0.17204013596881315,0.5229666354121482,0.9411092342469985,0.058890765753001444,0.6320801259815897,0.8304991087441244,4400.0,518.6908764944098,2380.0910645787762,0.06312323993295359,9.204237595850238,15.0,273.29817199488735
base|pv=09.0|bat=12.5,base,9.0,12.5,6.25,south,10.0,12.0,17.25,0.95,0.92,-279.6862485956408,1951.1294337238153,5841.611574580216,10775.731147106668,173.26467304428058,3500.0,2839.1304347826094,3878.9502402397557,3506.096341816379,17.25,9.37524577521903,0.016079157013007227,0.10389824249152874,0.4667504834903359,0.3466423393485835,0.06662977765654485,0.2528888992285409,0.48203248652007924,0.26507861425138,0.3198798650701737,0.12541449813583072,0.5547056367939955,0.9629730781990041,0.03702692180099587,0.5272723790931133,0.8758355605413627,5400.0,632.5599322515806,2868.5355359546593,0.06209284260473448,9.268820653936473,15.0,280.48770734531035
base|pv=12.0|bat=15.0,base,12.0,15.0,7.5,south,10.0,12.0,17.25,0.95,0.92,-651.0249943732325,1528.428043668163,8849.806170944968,14367.641529475557,256.289794654629,3500.0,2839.130434782609,4689.801771912951,4238.958599151439,17.25,11.99964724380634,0.017837986431443492,0.08009312695587611,0.5257694355462325,0.3170133180509019,0.05928613301554746,0.3000221111367904,0.37180036859514415,0.3281775202680655,0.3287855248790864,0.09650578383951737,0.5747086912813962,0.9711996232128826,0.02880037678711749,0.4666166733387624,0.9042332957014506,6400.0,726.8159469355913,3100.6072609501057,0.0570967986949068,9.591208330076748,15.0,282.59723994342926
east-west|pv=00.0|bat=02.5,east-west,0.0,2.5,1.25,east_west,10.0,12.0,17.25,0.95,0.92,1245.5651978388898,6418.60414356566,5.87797657342651,0.0,0.0,3500.0,2839.1304347826103,765.7895611243459,692.1938289147223,14.319897129267877,0.9171151468928354,NaN,NaN,NaN,NaN,NaN,0.0,1.0,0.0,0.0,0.8039097564739139,0.19609024352608606,0.0,1.0,NaN,0.1960902435260845,1400.0,93.2490135632072,-181.09133533699222,-0.017626326805879042,Inf,15.0,276.87753156588894
east-west|pv=03.0|bat=05.0,east-west,3.0,5.0,2.5,east_west,10.0,12.0,17.25,0.95,0.92,719.9720255357872,4243.069468296937,497.52410502640805,2761.680907227281,27.999911445606536,3500.0,2839.1304347826103,1458.8043514830056,1318.7084272134123,14.894774998606088,2.5278174555625563,0.010138720723430123,0.3576273794018279,0.1626974562252405,0.4072744453400259,0.06226199830947558,0.06056353377447467,0.9276805486897841,0.011755917535741055,0.2821864873130728,0.36434888484858985,0.35346462783833743,0.7710163865042692,0.22898361349573074,0.8363728688496324,0.6406199722917705,2400.0,258.56871091883966,979.8925061666697,0.04879926946587483,10.165843060548942,15.0,263.74168544268247
east-west|pv=06.0|bat=07.5,east-west,6.0,7.5,3.75,east_west,10.0,12.0,17.25,0.95,0.92,336.98069774890223,3162.5505737486365,2065.6951311901785,5523.361814454562,68.85160520258984,3500.0,2839.13043478261,2209.6560720801963,1997.4208550523772,16.1447749986061,4.876216710313045,0.012465525076124135,0.20231899053156002,0.3304089833151156,0.35630066851176956,0.09850583256543022,0.19163732226857405,0.733053311870311,0.07530936586111495,0.3192802818974324,0.23989658301194236,0.44082313509062526,0.8906261620478647,0.10937383795213519,0.6681199235408459,0.763049876383625,3400.0,384.42730435423096,1625.05875724675,0.05639526069534548,9.637738513156872,15.0,266.3227806736503
east-west|pv=09.0|bat=10.0,east-west,9.0,10.0,5.0,east_west,10.0,12.0,17.25,0.95,0.92,-11.534415090797324,2410.6728997779956,3960.2879170576716,8285.04272168184,110.86852991210971,3500.0,2839.1304347826094,2971.3204072558565,2685.89166754841,17.25,6.99497413865752,0.01338176924808949,0.14116927467093768,0.4107017811591035,0.3369402649620085,0.0978069099598615,0.2854164139715507,0.5636516606826457,0.15093192534580352,0.33416956332501574,0.18018182797923493,0.4856486086957494,0.9395030179337593,0.060496982066240663,0.587443519013218,0.8211777208761107,4400.0,494.52466950688137,2064.2014056584517,0.05544258403447026,9.701436217261282,15.0,268.589166754841
east-west|pv=12.0|bat=10.0,east-west,12.0,10.0,5.0,east_west,10.0,12.0,17.25,0.95,0.92,-263.3138462582096,2067.177400502281,6294.558878079191,11046.723628909123,178.08976335948486,3500.0,2839.1304347826094,3142.5328532319654,2840.4109000418484,17.22669881379932,7.7751775423257365,0.016121500758236262,0.10935493253547685,0.5099334550007623,0.27313069466633505,0.09145941703919139,0.3558578679286535,0.5057532609345368,0.1383888711368097,0.345146776336404,0.14455553434613855,0.5102976893174574,0.9601170264450535,0.03988297355494659,0.48541196999112707,0.856219897518889,4400.0,514.137052059742,2320.5655441612516,0.06168825134664695,9.294354604276041,15.0,284.04109000418487
efficient|pv=00.0|bat=02.5,efficient,0.0,2.5,1.25,south,10.0,12.0,17.25,0.975,0.95,1213.0239438908266,6297.717056992938,6.731045987988863,0.0,0.0,3500.0,2749.473684210525,862.9711755832693,821.4588487888452,14.319897129267877,0.9171151468928354,NaN,NaN,NaN,NaN,NaN,0.0,1.0,0.0,0.0,0.7672206277711825,0.23277937222881756,0.0,1.0,NaN,0.2327793722288161,1400.0,107.21865671721957,1.513481936855115,0.00014176472409866558,14.981269825629255,15.0,328.58353951553806
efficient|pv=03.0|bat=07.5,efficient,3.0,7.5,3.75,south,10.0,12.0,17.25,0.975,0.95,516.5939355709545,3591.091311021325,786.2427548417912,3591.9103823688893,43.051846134726006,3500.0,2749.473684210526,2177.7019382920757,2073.468530088904,16.1447749986061,3.8871747775863743,0.011985779585718122,0.26123006912170044,0.16941647749609534,0.4979740542646384,0.05939361953184813,0.07759178051713898,0.8557492558885892,0.06665896359427166,0.2680899992757651,0.24263071115551987,0.48927928956871497,0.8213604186192275,0.17863958138077254,0.8292433146492754,0.7617492372726835,3400.0,394.38743827176495,1755.2530946383933,0.060501305357369084,9.369838883323244,15.0,276.46247067852056
efficient|pv=06.0|bat=10.0,efficient,6.0,10.0,5.0,south,10.0,12.0,17.25,0.975,0.95,71.97208755060075,2493.390820953654,3176.812375216856,7183.8207647377785,106.48804396606508,3500.0,2749.473684210526,3014.1768566680385,2869.739374370053,17.25,7.008152726622512,0.014823315816670722,0.14847167114032225,0.3704336713268124,0.3917820337433972,0.07448930797279836,0.19462555340644686,0.6344242402325216,0.1709502063610314,0.3047411068894766,0.15696374868515958,0.5382951444253637,0.9337514164209461,0.06624858357905394,0.6254768018726317,0.8454798212953473,4400.0,544.2144675935622,2713.7238308169353,0.07106696990884466,8.732517683594654,15.0,286.9739374370053
efficient|pv=09.0|bat=15.0,efficient,9.0,15.0,7.5,south,10.0,12.0,17.25,0.975,0.95,-405.9795551463876,1660.0052925674545,5814.130188715096,10775.731147106668,159.07612721435805,3500.0,2749.473684210526,4448.358269045892,4235.301829511751,17.250000000000007,10.791150908503367,0.014762443962521347,0.10361175757271422,0.42111653177293495,0.3961254322915812,0.06438383440024777,0.2523329805631942,0.39492514573397147,0.3527418737028343,0.31899784093793243,0.11267196771385168,0.5683301913482158,0.9595767473605538,0.040423252639446364,0.5746974305749133,0.8882864026023045,6400.0,742.3056331855358,3303.0813897533117,0.06048590424344405,9.370824000923783,15.0,282.35345530078337
efficient|pv=12.0|bat=15.0,efficient,12.0,15.0,7.5,south,10.0,12.0,17.25,0.975,0.95,-701.5656023447111,1421.2544485813523,9055.822042733722,14367.641529475557,260.52138103815486,3500.0,2749.473684210526,4651.344204040596,4428.265333966091,17.250000000000007,11.99964724380634,0.0181325084220461,0.07994270024634771,0.5303124529357273,0.31366144323524675,0.05795089516063375,0.302828025873352,0.35403270722786107,0.343139266898787,0.32816801715366845,0.08659480305425683,0.5852371797920747,0.9688758733673422,0.031124126632657793,0.4620380517627714,0.9141395846608882,6400.0,760.8557384947387,3545.5599236036705,0.06450372078663116,9.11870440906741,15.0,295.21768893107276
high-mileage|pv=00.0|bat=02.5,high-mileage,0.0,2.5,1.25,south,20.0,12.0,17.25,0.95,0.92,1846.3822383606291,9244.691100087399,5.87797657342651,0.0,0.0,3500.0,5665.21739130435,765.7895611243459,692.1938289147223,14.429213558739997,0.9171151468928354,NaN,NaN,NaN,NaN,NaN,0.0,1.0,0.0,0.0,0.8039097564739139,0.19609024352608606,0.0,1.0,NaN,0.1960902435260845,1400.0,93.24899988494599,-181.0915141329972,-0.01762634492119565,Inf,15.0,276.87753156588894
high-mileage|pv=03.0|bat=07.5,high-mileage,3.0,7.5,3.75,south,20.0,12.0,17.25,0.95,0.92,1157.2271575512013,6552.3007760052815,732.4352261360928,3591.9103823688893,40.96506351727422,3500.0,5665.21739130435,2141.535665809792,1935.9421883933376,16.1447749986061,3.806125615661524,0.011404812246528678,0.2593772671755258,0.16064309776655578,0.4853304575889914,0.0832443652223982,0.05277931614327623,0.9152262715194319,0.031994412337291826,0.266188542548069,0.2768779512282043,0.45693350622372675,0.814024971577838,0.18597502842216207,0.8381246167824316,0.7294863827723481,3400.0,372.3260505775247,1466.8766755487502,0.05134149305443764,9.982514455814423,15.0,258.1256251191117
high-mileage|pv=06.0|bat=10.0,high-mileage,6.0,10.0,5.0,south,20.0,12.0,17.25,0.95,0.92,711.5100084477684,5308.129496455863,2939.082165950901,7183.8207647377785,102.9464166036022,3500.0,5665.21739130435,2963.890126510645,2679.185839175857,17.249999999999993,5.936801605213233,0.014330315298082178,0.1478163121845361,0.3532255792406456,0.3798708515911169,0.10475694168561993,0.13283781379452314,0.7824258680355247,0.08473631816995209,0.30339596938235225,0.18301452757795889,0.5135895030396889,0.9207237768937214,0.0792762231062785,0.6427201085139432,0.8213975768607867,4400.0,500.4956136631573,2142.2508700999224,0.05735559646372958,9.574123212671907,15.0,267.9185839175857
high-mileage|pv=09.0|bat=15.0,high-mileage,9.0,15.0,7.5,south,20.0,12.0,17.25,0.95,0.92,218.53082265831551,4147.798762551997,5190.06171236402,10775.731147106668,149.09068714378796,3500.0,5665.21739130435,4364.847372784679,3945.687253938173,17.25,9.116242198840437,0.013835783865470649,0.10316352894777522,0.3936406998745554,0.38796897295809013,0.10139101435410694,0.19285443716410341,0.6126755546404197,0.1944700081954769,0.3176178434651377,0.14076015097338462,0.5416220055614777,0.9577996637596765,0.04220033624032356,0.6023954873088243,0.862296480876038,6400.0,705.2028913942294,2818.0912357124566,0.052313166186707394,9.914893595706706,15.0,263.0458169292115
high-mileage|pv=12.0|bat=20.0,high-mileage,12.0,20.0,10.0,south,20.0,12.0,17.25,0.95,0.92,-259.90571705225057,3215.8452569374895,7658.253039243484,14367.641529475557,198.55557477002282,3500.0,5665.217391304349,5846.26442148913,5284.803640393939,17.25,12.325103456740232,0.013819635906330301,0.07918966911714127,0.4228659447928906,0.3942252977092426,0.0898994524743951,0.22799532968157607,0.4657957810478164,0.3062088892706075,0.32507679391796235,0.11280978148492947,0.5621134245971081,0.9688387919160268,0.03116120808397321,0.573051701107298,0.8893830388844784,8400.0,900.9250448781007,3376.4821465855794,0.04810105494629021,10.217104850518139,15.0,264.24018201969693
lossy|pv=00.0|bat=02.5,lossy,0.0,2.5,1.25,south,10.0,12.0,17.25,0.9,0.85,1317.2643859929076,6693.234368714286,5.197316453871658,0.0,0.0,3500.0,3072.941176470591,611.0967146832803,496.000838893457,13.915417949309814,0.902887137576402,NaN,NaN,NaN,NaN,NaN,0.0,1.0,0.0,0.0,0.8599960631781433,0.14000393682185672,0.0,0.9987076619066808,NaN,0.14002210623893485,1400.0,70.42535881328149,-479.4317624462207,-0.0504084877328342,Inf,15.0,198.4003355573828
lossy|pv=03.0|bat=05.0,lossy,3.0,5.0,2.5,south,10.0,12.0,17.25,0.9,0.85,715.4211622977957,4305.8665019514065,977.2344551371315,3591.9103823688893,48.63077069441168,3500.0,3072.9411764705906,1584.1867474640135,1285.2162654458507,14.894774998606085,2.2570249720406137,0.013538971053709686,0.2636568965173209,0.26292020195105387,0.39280640741538636,0.06707752306252854,0.07840581308771105,0.9193751841496324,0.002219002762656553,0.27058055542392195,0.3740290982710843,0.3553903463049937,0.890630738651855,0.10830717923795494,0.7336356384139159,0.6301148971889248,2400.0,262.0258410026927,1025.0825371713327,0.0508688230509369,10.015962222665594,15.0,257.04325308917015
lossy|pv=06.0|bat=07.5,lossy,6.0,7.5,3.75,south,10.0,12.0,17.25,0.9,0.85,286.2524114635406,3211.2666232964107,3239.8766852438657,7183.8207647377785,117.29085764338959,3500.0,3072.94117647059,2463.242993033384,1998.264324357041,15.97669881379932,5.042028523210943,0.01632708575068004,0.14973556204380856,0.425322427332191,0.3265279298704913,0.08208699500282916,0.19190027577864174,0.7534081667889932,0.05469155743236507,0.30733526852285586,0.22318362693937494,0.46948110453776914,0.9522885600424751,0.046664072898440934,0.5682967030097518,0.7794541805629439,3400.0,393.63917291983023,1745.472110517611,0.06019445078400617,9.389494129490137,15.0,266.43524324760546
lossy|pv=09.0|bat=12.5,lossy,9.0,12.5,6.25,south,10.0,12.0,17.25,0.9,0.85,-175.72940693277735,2275.3541516997766,5565.143073837202,10775.731147106668,164.87818561464132,3500.0,3072.941176470589,3964.133488863214,3216.0106259792037,17.250000000000014,7.9235525154285575,0.0153008815238409,0.10417239144665454,0.45271819247921025,0.35705802509772144,0.07075050945257205,0.2480973193432173,0.5367656581648986,0.21513702249188416,0.32072390948008667,0.1467743978802347,0.5325016926396787,0.9705932691669446,0.028302393535409337,0.5416341884110726,0.8547420332766238,5400.0,574.2979726576351,2106.9617170405404,0.04679658400856619,10.31383337008155,15.0,257.2808500783363
lossy|pv=12.0|bat=12.5,lossy,12.0,12.5,6.25,south,10.0,12.0,17.25,0.9,0.85,-467.856724286605,1982.631695707267,8717.72754571401,14367.641529475557,277.4646418817769,3500.0,3072.941176470589,4143.170321665508,3361.030460549062,17.250000000000014,9.798746751928482,0.01931177370430294,0.08047416132162859,0.5556269797445562,0.2815535316739388,0.06303355355557275,0.2947155346642987,0.4830824938369668,0.22220197149873455,0.3303496863583845,0.11560435486046951,0.5540459587811459,0.9763683122790019,0.02257507162155668,0.43477435915836177,0.8853917592520616,5400.0,588.107784002596,2287.47728565108,0.05048390107664823,10.04360774018668,15.0,268.88243684392495
low-mileage|pv=00.0|bat=02.5,low-mileage,0.0,2.5,1.25,south,5.0,12.0,17.25,0.95,0.92,947.6501940214986,5005.560665304789,5.87797657342651,0.0,0.0,3500.0,1426.0869565217395,765.7895611243459,692.1938289147223,13.920410269270693,0.9171151468928354,NaN,NaN,NaN,NaN,NaN,0.0,1.0,0.0,0.0,0.8039097564739139,0.19609024352608606,0.0,1.0,NaN,0.1960902435260845,1400.0,93.24902724146762,-181.09115654099753,-0.017626308690562434,Inf,15.0,276.87753156588894
low-mileage|pv=03.0|bat=07.5,low-mileage,3.0,7.5,3.75,south,5.0,12.0,17.25,0.95,0.92,260.4534251908748,2338.15506443501,755.570844668033,3591.9103823688893,42.44337023545712,3500.0,1426.0869565217395,2145.3387218325124,1939.3744464538424,16.1447749986061,3.806125615661524,0.011816377837206904,0.26315396363096033,0.16218999601201825,0.5164486081846986,0.04639105433511606,0.11684596717844145,0.7789792837359025,0.10417474908565603,0.2700644154650205,0.2677032183899042,0.4622323661450753,0.864682625088704,0.13531737491129608,0.8365612177139887,0.7350417052622003,3400.0,380.5722305844879,1574.6669874971458,0.054793231155680314,9.745193260364212,15.0,258.583259527179
low-mileage|pv=06.0|bat=10.0,low-mileage,6.0,10.0,5.0,south,5.0,12.0,17.25,0.95,0.92,-166.2726835444682,1448.246062086997,3303.434162989237,7183.8207647377785,108.57614344140958,3500.0,1426.0869565217395,3058.918603819371,2764.9490399469823,17.250000000000014,5.936801605213233,0.01511398279511123,0.14954665384168347,0.3839283535017168,0.40247553286285226,0.04893547699863639,0.24650929888074685,0.4997852369172536,0.25370546420199946,0.3069475306185543,0.1622578117476777,0.5307946576337681,0.9452072659497935,0.05479273405020651,0.6117920554604761,0.8386197831514765,4400.0,519.4799267485329,2390.405170378439,0.06337132047544224,9.188783440285638,15.0,276.49490399469823
low-mileage|pv=09.0|bat=10.0,low-mileage,9.0,10.0,5.0,south,5.0,12.0,17.25,0.95,0.92,-464.6698773247411,1169.6567463176684,6487.701740450178,10775.731147106668,218.0310242973474,3500.0,1426.0869565217395,3259.929970821241,2946.36179866617,17.22669881379932,8.291150908503367,0.020233524882985753,0.10504149574328604,0.5384142746068166,0.2914215945388447,0.04488911022806682,0.3391889821573516,0.44523789595129754,0.21557312189135086,0.32339969069131436,0.11858844935508957,0.5580118599535961,0.9632969975795576,0.0367030024204424,0.45224173285564656,0.8818344857376921,4400.0,542.7720205288329,2694.868819291,0.07062235713672288,8.757773209717412,15.0,294.636179866617
low-mileage|pv=12.0|bat=12.5,low-mileage,12.0,12.5,6.25,south,5.0,12.0,17.25,0.95,0.92,-825.2054556332665,872.3088406515656,9620.26332231399,14367.641529475557,303.1429917533409,3500.0,1426.086956521739,4059.495892697976,3669.038793159923,17.25,10.74964724380634,0.021099008569460467,0.08089402912724503,0.5814039543661907,0.27472161360371233,0.04188139433339166,0.42194962781542544,0.31335434925435773,0.2646960229302169,0.33207326067863097,0.08944116067709279,0.5784855786442763,0.9723132548938128,0.027686745106187242,0.4085485158677602,0.9107668244142847,5400.0,630.1758217534873,2837.371528609207,0.061479666626672674,9.307557302457624,15.0,293.52310345279386
slow-charger|pv=00.0|bat=02.5,slow-charger,0.0,2.5,1.25,south,10.0,4.0,17.25,0.95,0.92,1263.0234692475842,6418.604143565654,5.87797657342651,0.0,0.0,3500.0,2839.130434782604,765.7895611243459,692.1938289147223,6.429213558739997,0.9171151468928354,NaN,NaN,NaN,NaN,NaN,0.0,1.0,0.0,0.0,0.8039097564739139,0.19609024352608606,0.0,1.0,NaN,0.1960902435260845,1400.0,93.24902724146796,-181.09115654099304,-0.017626308690562434,Inf,15.0,276.87753156588894
slow-charger|pv=03.0|bat=07.5,slow-charger,3.0,7.5,3.75,south,10.0,4.0,17.25,0.95,0.92,571.6525880150499,3718.843575851368,730.2545926181722,3591.9103823688893,35.89030720124448,3500.0,2839.1304347826044,2140.357678135755,1934.8790545175189,8.144774998606097,3.820315456868308,0.00999198292290761,0.2597065656109889,0.1606519874618529,0.4900875822610855,0.07956188174316443,0.10065728068459122,0.8317662684239464,0.06757645089146236,0.26652648839642273,0.27924104154322743,0.45423247006034984,0.8224563085768551,0.17754369142314488,0.8383556273239999,0.7267064242451645,3400.0,371.85659148135267,1460.7401199095732,0.051143938293957886,9.996341937323091,15.0,257.9838739356692
slow-charger|pv=06.0|bat=10.0,slow-charger,6.0,10.0,5.0,south,10.0,4.0,17.25,0.95,0.92,126.44174747053745,2592.579017607206,3053.989911856799,7183.8207647377785,92.85142100072584,3500.0,2839.130434782605,3022.5950226138816,2732.167007909028,9.394774998606104,5.936801605213233,0.012925074837124653,0.14826905244793964,0.3634234109794942,0.39480039410146595,0.0805820676339763,0.2038959265986627,0.6254052717988526,0.17069880160248463,0.3043252279267155,0.18015774937956847,0.515517022693716,0.9383246011634413,0.06167539883655879,0.6330860172121473,0.8227950542150625,4400.0,522.0043049983931,2423.4026939346077,0.0641638901861574,9.139655385397784,15.0,273.2167007909028
slow-charger|pv=09.0|bat=15.0,slow-charger,9.0,15.0,7.5,south,10.0,4.0,17.25,0.95,0.92,-347.7242733003607,1721.873685457379,5576.188890862833,10775.731147106668,152.30214936381208,3500.0,2839.1304347826044,4475.854949279953,4045.8715917251575,11.72669881379932,9.116242198840437,0.014133811180386204,0.10359598078120863,0.4149415684664063,0.3993292289772856,0.06799941059471148,0.25808725015003936,0.38790657918693816,0.35400617066302237,0.31894926766260995,0.12793307771314374,0.5531176546242464,0.9613949646274554,0.03860503537254455,0.5810195459747559,0.8730685526151608,6400.0,723.2657081347947,3054.200155174338,0.056315479712159736,9.643050185524775,15.0,269.7247727816772
slow-charger|pv=12.0|bat=15.0,slow-charger,12.0,15.0,7.5,south,10.0,4.0,17.25,0.95,0.92,-643.817375533644,1479.8647371592174,8798.904260991501,14367.641529475557,257.97870561045005,3500.0,2839.130434782605,4696.465284617603,4244.972419367387,11.708800295176522,11.99964724380634,0.017955536062143576,0.0798678466934235,0.524648461909134,0.3169370801435894,0.06059107519171097,0.30662587304012395,0.3481647694215685,0.34520935753830767,0.32786074029206186,0.09958646121700394,0.5725527984909342,0.9695884200009607,0.030411579999039297,0.46772239364663537,0.9009955901796441,6400.0,749.1395096688933,3392.4107128260425,0.061971150385379536,9.27649028133563,15.0,282.99816129115914
small-connection|pv=00.0|bat=02.5,small-connection,0.0,2.5,1.25,south,10.0,12.0,9.2,0.95,0.92,1249.6959449275234,6417.99174780892,5.87797657342651,0.0,0.0,3500.0,2839.1304347826085,759.5085790039498,686.5252425510647,9.20000000000003,0.9405300049451922,NaN,NaN,NaN,NaN,NaN,0.0,1.0,6.121527076657774e-18,0.0,0.8055293525778163,0.19447064742218376,0.0,1.0,NaN,0.19447064742218234,1400.0,92.43998428810278,-191.66659780582657,-0.018700467837181857,Inf,15.0,274.6100970204259
small-connection|pv=03.0|bat=07.5,small-connection,3.0,7.5,3.75,south,10.0,12.0,9.2,0.95,0.92,562.3376529082269,3722.3629722066007,736.9512847150069,3591.9103823688893,34.164899810701435,3500.0,2839.1304347826085,2125.4665155607527,1921.4397802935794,9.200000000000038,3.806125615661524,0.009511623669232375,0.2609587907318885,0.16135629891895006,0.5052816840700768,0.06289160260985258,0.07956696797392648,0.8607640238568367,0.05966900816923678,0.2678115970858002,0.2765718989657457,0.4556165039484542,0.8538956100907203,0.14610438990927968,0.8377228481093331,0.7284528128974471,3400.0,369.5677092934818,1430.8208936938713,0.05017909928700867,10.065573484563448,15.0,256.1919707058106
small-connection|pv=06.0|bat=10.0,small-connection,6.0,10.0,5.0,south,10.0,12.0,9.2,0.95,0.92,117.93981163226783,2601.888437405326,3069.7608438180177,7183.8207647377785,87.36868098603651,3500.0,2839.1304347826085,3012.556333912219,2723.107091355778,9.200000000000033,5.936801605213233,0.01216186815446329,0.14851152882358315,0.36398138096404115,0.39776513410732134,0.07758008795059237,0.19630005015684432,0.6455783222726569,0.15812162757049877,0.30482291559023167,0.1754069915947992,0.5197700928149692,0.9485211604916484,0.05147883950835166,0.6328760410520441,0.8273913764785493,4400.0,519.1041889680378,2385.4936971221955,0.06325320761413018,9.196136694098229,15.0,272.3107091355778
small-connection|pv=09.0|bat=12.5,small-connection,9.0,12.5,6.25,south,10.0,12.0,9.2,0.95,0.92,-277.251254531833,1927.0614442330113,5837.826223759546,10775.731147106668,153.5475897707701,3500.0,2839.1304347826085,3873.149672069265,3500.861329042512,9.200000000000033,9.2,0.014249389454375753,0.1038816833032199,0.4666644443084615,0.3479020051640713,0.06730247776987157,0.25544208786511446,0.4785577721282152,0.2660001400066704,0.3198288829669649,0.12689208848574599,0.553279028547289,0.9679198560856183,0.03208014391438183,0.5282249892155976,0.8745037539349367,5400.0,631.2717257776806,2851.696687232176,0.061761651875810286,9.289714892002035,15.0,280.06890632340094
small-connection|pv=12.0|bat=15.0,small-connection,12.0,15.0,7.5,south,10.0,12.0,9.2,0.95,0.92,-648.032505798659,1501.1118993697219,8846.45171839571,14367.641529475557,232.86819714441032,3500.0,2839.1304347826085,4684.262343821016,4233.9592652984675,9.200000000000028,9.2,0.01620782343898793,0.08008266545053806,0.5257788312605771,0.31784486293903574,0.06008581691086246,0.30406897400861205,0.36670283703633405,0.32922818895505396,0.3287425799766419,0.09783240659744688,0.5734250134259113,0.9748986537266054,0.025101346273394463,0.4674950817130795,0.903016035535001,6400.0,725.2436828898045,3080.055340931685,0.0567509946571783,9.614104475444874,15.0,282.26395101989783
