scenario,pv_kwp,battery_kwh,discount_rate,annual_savings,breakeven_eur_per_kwh
base,0.0,2.5,0.0,93.2490135632072,327.5634658652031
base,0.0,2.5,0.01,93.2490135632072,292.3620195426551
base,0.0,2.5,0.02,93.2490135632072,260.76964775950063
base,0.0,2.5,0.03,93.2490135632072,232.34753526952554
base,0.0,2.5,0.04,93.2490135632072,206.71653792846422
base,0.0,5.0,0.0,155.2167416940349,325.7845206552809
base,0.0,5.0,0.01,155.2167416940349,296.48740751531295
base,0.0,5.0,0.02,155.2167416940349,270.19401939682126
base,0.0,5.0,0.03,155.2167416940349,246.5391434674102
base,0.0,5.0,0.04,155.2167416940349,225.20722937187207
base,0.0,10.0,0.0,232.66173351250882,264.12482886125537
base,0.0,10.0,0.01,232.66173351250882,242.16741287743884
base,0.0,10.0,0.02,232.66173351250882,222.4612098197033
base,0.0,10.0,0.03,232.66173351250882,204.73250227277896
base,0.0,10.0,0.04,232.66173351250882,188.74479354226332
base,0.0,15.0,0.0,281.01329958943484,218.218530267473
base,0.0,15.0,0.01,281.01329958943484,200.53813844449957
base,0.0,15.0,0.02,281.01329958943484,184.67045202544935
base,0.0,15.0,0.03,281.01329958943484,170.3950702512208
base,0.0,15.0,0.04,281.01329958943484,157.5215629625932
base,0.0,20.0,0.0,325.22031744935146,192.55659857182636
base,0.0,20.0,0.01,325.22031744935146,177.21028938548923
base,0.0,20.0,0.02,325.22031744935146,163.43738071373818
base,0.0,20.0,0.03,325.22031744935146,151.04656807486592
base,0.0,20.0,0.04,325.22031744935146,139.87256100862328
base,0.0,30.0,0.0,379.1966622784407,151.88953948886743
base,0.0,30.0,0.01,379.1966622784407,139.9606635658387
base,0.0,30.0,0.02,379.1966622784407,129.25481132152197
base,0.0,30.0,0.03,379.1966622784407,119.62327941636536
base,0.0,30.0,0.04,379.1966622784407,110.93758553141964
base,3.0,5.0,0.0,293.34272361724277,686.8885146769704
base,3.0,5.0,0.01,293.34272361724277,631.5201641446453
base,3.0,5.0,0.02,293.34272361724277,581.8285265054044
base,3.0,5.0,0.03,293.34272361724277,537.1233893131832
base,3.0,5.0,0.04,293.34272361724277,496.8083967907322
base,3.0,7.5,0.0,372.0242946574226,595.0576346000045
base,3.0,7.5,0.01,372.0242946574226,548.2446523901343
base,3.0,7.5,0.02,372.0242946574226,506.23123269421984
base,3.0,7.5,0.03,372.0242946574226,468.43381283343786
base,3.0,7.5,0.04,372.0242946574226,434.34818431823203
base,3.0,15.0,0.0,483.09183977311596,394.3171105885615
base,3.0,15.0,0.01,483.09183977311596,363.9226309459656
base,3.0,15.0,0.02,483.09183977311596,336.6443852674821
base,3.0,15.0,0.03,483.09183977311596,312.10348113642743
base,3.0,15.0,0.04,483.09183977311596,289.9725487944996
base,3.0,25.0,0.0,546.7665267453665,269.8833274609938
base,3.0,25.0,0.01,546.7665267453665,249.24292408648864
base,3.0,25.0,0.02,546.7665267453665,230.7187051897224
base,3.0,25.0,0.03,546.7665267453665,214.05337101074358
base,3.0,25.0,0.04,546.7665267453665,199.0246100001056
base,3.0,30.0,0.0,573.1782427814883,236.41083725749166
base,3.0,30.0,0.01,573.1782427814883,218.3796338739044
base,3.0,30.0,0.02,573.1782427814883,202.1971033104633
base,3.0,30.0,0.03,573.1782427814883,187.6384716507844
base,3.0,30.0,0.04,573.1782427814883,174.5095302503047
base,6.0,2.5,0.0,186.95778280070886,817.5308185002996
base,6.0,2.5,0.01,186.95778280070886,746.9543683657274
base,6.0,2.5,0.02,186.95778280070886,683.6138615196077
base,6.0,2.5,0.03,186.95778280070886,626.6295039313501
base,6.0,2.5,0.04,186.95778280070886,575.2411379771347
base,6.0,7.5,0.0,434.27666800300983,703.5555934412724
base,6.0,7.5,0.01,434.27666800300983,648.9092001133656
base,6.0,7.5,0.02,434.27666800300983,599.865500067499
base,6.0,7.5,0.03,434.27666800300983,555.7432806533975
base,6.0,7.5,0.04,434.27666800300983,515.9539620767629
base,6.0,12.5,0.0,590.1196164293519,585.102003478702
base,6.0,12.5,0.01,590.1196164293519,540.5480436932943
base,6.0,12.5,0.02,590.1196164293519,500.5620371793879
base,6.0,12.5,0.03,590.1196164293519,464.58858184770855
base,6.0,12.5,0.04,590.1196164293519,432.1478004568012
base,6.0,25.0,0.0,795.5667879801745,399.9714785743413
base,6.0,25.0,0.01,795.5667879801745,369.9388803591299
base,6.0,25.0,0.02,795.5667879801745,342.9854137391713
base,6.0,25.0,0.03,795.5667879801745,318.7366974501419
base,6.0,25.0,0.04,795.5667879801745,296.8692594492726
base,9.0,2.5,0.0,187.97049237373767,822.8258899490298
base,9.0,2.5,0.01,187.97049237373767,751.8671425620461
base,9.0,2.5,0.02,187.97049237373767,688.183533991662
base,9.0,2.5,0.03,187.97049237373767,630.8905045547228
base,9.0,2.5,0.04,187.97049237373767,579.2237790191914
base,9.0,5.0,0.0,334.14989039566115,793.5710569707761
base,9.0,5.0,0.01,334.14989039566115,730.5003660273534
base,9.0,5.0,0.02,334.14989039566115,673.8960805486416
base,9.0,5.0,0.03,334.14989039566115,622.9719720222777
base,9.0,5.0,0.04,334.14989039566115,577.048725089259
base,9.0,10.0,0.0,545.8814141062176,673.5513396949216
base,9.0,10.0,0.01,545.8814141062176,622.0338636303852
base,9.0,10.0,0.02,545.8814141062176,575.7982844940225
base,9.0,10.0,0.03,545.8814141062176,534.202394186301
base,9.0,10.0,0.04,545.8814141062176,496.69131353554576
base,9.0,12.5,0.0,632.5599322515806,629.4828428763728
base,9.0,12.5,0.01,632.5599322515806,581.7246443709156
base,9.0,12.5,0.02,632.5599322515806,538.8629179221459
base,9.0,12.5,0.03,632.5599322515806,500.3023179455706
base,9.0,12.5,0.04,632.5599322515806,465.52845531245555
base,9.0,20.0,0.0,832.0754342116572,523.8255685816717
base,9.0,20.0,0.01,832.0754342116572,484.5620718237965
base,9.0,20.0,0.02,832.0754342116572,449.3241166637855
base,9.0,20.0,0.03,832.0754342116572,417.62225102517715
base,9.0,20.0,0.04,832.0754342116572,389.0335796455793
base,12.0,5.0,0.0,336.2289616935568,799.0063917215066
base,12.0,5.0,0.01,336.2289616935568,735.5432766982085
base,12.0,5.0,0.02,336.2289616935568,678.5868009340617
base,12.0,5.0,0.03,336.2289616935568,627.3458440248273
base,12.0,5.0,0.04,336.2289616935568,581.136863930288
base,12.0,7.5,0.0,454.4586701066065,738.7302529103098
base,12.0,7.5,0.01,454.4586701066065,681.5442950458851
base,12.0,7.5,0.02,454.4586701066065,630.2214026546286
base,12.0,7.5,0.03,454.4586701066065,584.0487053064357
base,12.0,7.5,0.04,454.4586701066065,542.4102703245682
base,12.0,10.0,0.0,557.424387359951,688.6397889742398
base,12.0,10.0,0.01,557.424387359951,636.0329465511024
base,12.0,10.0,0.02,557.424387359951,588.8196897734964
base,12.0,10.0,0.03,557.424387359951,546.3442306860366
base,12.0,10.0,0.04,557.424387359951,508.03995688108836
base,12.0,15.0,0.0,726.8159469355913,606.7071507300072
base,12.0,15.0,0.01,726.8159469355913,560.9783872025109
base,12.0,15.0,0.02,726.8159469355913,519.938025243882
base,12.0,15.0,0.03,726.8159469355913,483.0160178610931
base,12.0,15.0,0.04,726.8159469355913,449.71983435648195
base,12.0,20.0,0.0,868.6042197016028,547.6999515064468
base,12.0,20.0,0.01,868.6042197016028,506.7127554399716
base,12.0,20.0,0.02,868.6042197016028,469.927825507939
base,12.0,20.0,0.03,868.6042197016028,436.83422229130554
base,12.0,20.0,0.04,868.6042197016028,406.99048508314235
base,12.0,30.0,0.0,1094.2908561056684,463.46906746439
base,12.0,30.0,0.01,1094.2908561056684,429.04455600441247
base,12.0,30.0,0.02,1094.2908561056684,398.14946281614044
base,12.0,30.0,0.03,1094.2908561056684,370.35465779129123
base,12.0,30.0,0.04,1094.2908561056684,345.2893649162979
east-west,0.0,2.5,0.0,93.2490135632072,327.5634658652031
east-west,0.0,2.5,0.01,93.2490135632072,292.3620195426551
east-west,0.0,2.5,0.02,93.2490135632072,260.76964775950063
east-west,0.0,2.5,0.03,93.2490135632072,232.34753526952554
east-west,0.0,2.5,0.04,93.2490135632072,206.71653792846422
east-west,0.0,5.0,0.0,155.2167416940349,325.7845206552809
east-west,0.0,5.0,0.01,155.2167416940349,296.48740751531295
east-west,0.0,5.0,0.02,155.2167416940349,270.19401939682126
east-west,0.0,5.0,0.03,155.2167416940349,246.5391434674102
east-west,0.0,5.0,0.04,155.2167416940349,225.20722937187207
east-west,0.0,10.0,0.0,232.66173351250882,264.12482886125537
east-west,0.0,10.0,0.01,232.66173351250882,242.16741287743884
east-west,0.0,10.0,0.02,232.66173351250882,222.4612098197033
east-west,0.0,10.0,0.03,232.66173351250882,204.73250227277896
east-west,0.0,10.0,0.04,232.66173351250882,188.74479354226332
east-west,0.0,15.0,0.0,281.01329958943484,218.218530267473
east-west,0.0,15.0,0.01,281.01329958943484,200.53813844449957
east-west,0.0,15.0,0.02,281.01329958943484,184.67045202544935
east-west,0.0,15.0,0.03,281.01329958943484,170.3950702512208
east-west,0.0,15.0,0.04,281.01329958943484,157.5215629625932
east-west,0.0,20.0,0.0,325.22031744935146,192.55659857182636
east-west,0.0,20.0,0.01,325.22031744935146,177.21028938548923
east-west,0.0,20.0,0.02,325.22031744935146,163.43738071373818
east-west,0.0,20.0,0.03,325.22031744935146,151.04656807486592
east-west,0.0,20.0,0.04,325.22031744935146,139.87256100862328
east-west,0.0,30.0,0.0,379.1966622784407,151.88953948886743
east-west,0.0,30.0,0.01,379.1966622784407,139.9606635658387
east-west,0.0,30.0,0.02,379.1966622784407,129.25481132152197
east-west,0.0,30.0,0.03,379.1966622784407,119.62327941636536
east-west,0.0,30.0,0.04,379.1966622784407,110.93758553141964
east-west,3.0,5.0,0.0,258.56871091883966,595.9785012333339
east-west,3.0,5.0,0.01,258.56871091883966,547.1737351007123
east-west,3.0,5.0,0.02,258.56871091883966,503.37274174595734
east-west,3.0,5.0,0.03,258.56871091883966,463.967129250434
east-west,3.0,5.0,0.04,258.56871091883966,428.43123622165587
east-west,3.0,7.5,0.0,314.85379828989153,495.4167401495289
east-west,3.0,7.5,0.01,314.85379828989153,455.79770056065655
east-west,3.0,7.5,0.02,314.85379828989153,420.24065506558475
east-west,3.0,7.5,0.03,314.85379828989153,388.2517194513565
east-west,3.0,7.5,0.04,314.85379828989153,359.4041690111538
east-west,3.0,10.0,0.0,348.02858198678814,414.9271224692681
east-west,3.0,10.0,0.01,348.02858198678814,382.08197757340236
east-west,3.0,10.0,0.02,348.02858198678814,352.6043243169475
east-west,3.0,10.0,0.03,348.02858198678814,326.08472070674395
east-west,3.0,10.0,0.04,348.02858198678814,302.1694016093729
east-west,3.0,15.0,0.0,393.9048402904939,316.59631956487556
east-west,3.0,15.0,0.01,393.9048402904939,291.8131796655299
east-west,3.0,15.0,0.02,393.9048402904939,269.57096374974407
east-west,3.0,15.0,0.03,393.9048402904939,249.56072940824203
east-west,3.0,15.0,0.04,393.9048402904939,231.51554492795555
east-west,3.0,30.0,0.0,480.03269003544824,195.82562819251314
east-west,3.0,30.0,0.01,480.03269003544824,180.72462396947003
east-west,3.0,30.0,0.02,480.03269003544824,167.17187004731724
east-west,3.0,30.0,0.03,480.03269003544824,154.9791198743223
east-west,3.0,30.0,0.04,480.03269003544824,143.98372509589097
east-west,6.0,2.5,0.0,179.71569083319105,779.6646864644458
east-west,6.0,2.5,0.01,179.71569083319105,711.8221216753174
east-west,6.0,2.5,0.02,179.71569083319105,650.9352049872375
east-west,6.0,2.5,0.03,179.71569083319105,596.1582225196187
east-west,6.0,2.5,0.04,179.71569083319105,546.760462501812
east-west,6.0,7.5,0.0,384.42730435423096,616.6745009662334
east-west,6.0,7.5,0.01,384.42730435423096,568.3008091988862
east-west,6.0,7.5,0.02,384.42730435423096,524.8866937436684
east-west,6.0,7.5,0.03,384.42730435423096,485.82913638170703
east-west,6.0,7.5,0.04,384.42730435423096,450.6071186922802
east-west,6.0,12.5,0.0,502.9827740264165,493.98095187052024
east-west,6.0,12.5,0.01,502.9827740264165,456.00581316504605
east-west,6.0,12.5,0.02,502.9827740264165,421.92412545519403
east-west,6.0,12.5,0.03,502.9827740264165,391.2624971169846
east-west,6.0,12.5,0.04,502.9827740264165,363.611909403406
east-west,6.0,15.0,0.0,543.822854613895,447.24032294549517
east-west,6.0,15.0,0.01,543.822854613895,413.0248563967261
east-west,6.0,15.0,0.02,543.822854613895,382.31737551545314
east-west,6.0,15.0,0.03,543.822854613895,354.69135611172226
east-west,6.0,15.0,0.04,543.822854613895,329.7782737315549
east-west,6.0,25.0,0.0,627.4437642924722,312.0663726770533
east-west,6.0,25.0,0.01,627.4437642924722,288.3804084559008
east-west,6.0,25.0,0.02,627.4437642924722,267.12287884019776
east-west,6.0,25.0,0.03,627.4437642924722,247.99851862617132
east-west,6.0,25.0,0.04,627.4437642924722,230.7522134485354
east-west,9.0,2.5,0.0,183.32518559868043,798.5373555752179
east-west,9.0,2.5,0.01,183.32518559868043,729.3322086912905
east-west,9.0,2.5,0.02,183.32518559868043,667.2224104281321
east-west,9.0,2.5,0.03,183.32518559868043,611.3452611883773
east-west,9.0,2.5,0.04,183.32518559868043,560.9553732412587
east-west,9.0,5.0,0.0,318.0141209116957,751.3871700137763
east-west,9.0,5.0,0.01,318.0141209116957,691.3621006895988
east-west,9.0,5.0,0.02,318.0141209116957,637.4911804716318
east-west,9.0,5.0,0.03,318.0141209116957,589.026147048913
east-west,9.0,5.0,0.04,318.0141209116957,545.3204885328441
east-west,9.0,10.0,0.0,494.52466950688137,606.4201405658453
east-west,9.0,10.0,0.01,494.52466950688137,559.7494495214231
east-west,9.0,10.0,0.02,494.52466950688137,517.8637324022466
east-west,9.0,10.0,0.03,494.52466950688137,480.18120030697384
east-west,9.0,10.0,0.04,494.52466950688137,446.19917732120655
east-west,9.0,12.5,0.0,559.8633218751982,553.4622825350324
east-west,9.0,12.5,0.01,559.8633218751982,511.19266933511494
east-west,9.0,12.5,0.02,559.8633218751982,473.2568037713594
east-west,9.0,12.5,0.03,559.8633218751982,439.1277600307263
east-west,9.0,12.5,0.04,559.8633218751982,408.3502648787497
east-west,9.0,20.0,0.0,704.1077050330387,440.1887729026813
east-west,9.0,20.0,0.01,704.1077050330387,406.96374370811975
east-west,9.0,20.0,0.02,704.1077050330387,377.1451542898663
east-west,9.0,20.0,0.03,704.1077050330387,350.3188270816671
east-west,9.0,20.0,0.04,704.1077050330387,326.1269053310823
east-west,9.0,25.0,0.0,768.2155147701613,385.6705427761725
east-west,9.0,25.0,0.01,768.2155147701613,356.67045347335073
east-west,9.0,25.0,0.02,768.2155147701613,330.6436364328085
east-west,9.0,25.0,0.03,768.2155147701613,307.22858147081513
east-west,9.0,25.0,0.04,768.2155147701613,286.11293738618417
east-west,12.0,5.0,0.0,323.42416760876495,765.5307036412271
east-west,12.0,5.0,0.01,323.42416760876495,704.4844896360912
east-west,12.0,5.0,0.02,323.42416760876495,649.697118937379
east-west,12.0,5.0,0.03,323.42416760876495,600.4075998181125
east-west,12.0,5.0,0.04,323.42416760876495,555.958421948814
east-west,12.0,10.0,0.0,514.137052059742,632.0565544161252
east-west,12.0,10.0,0.01,514.137052059742,583.5349477284404
east-west,12.0,10.0,0.02,514.137052059742,539.9880825244547
east-west,12.0,10.0,0.03,514.137052059742,500.8110967030416
east-west,12.0,10.0,0.04,514.137052059742,465.4813786965557
east-west,12.0,15.0,0.0,652.4230637232184,541.8784900133193
east-west,12.0,15.0,0.01,652.4230637232184,500.8302712356878
east-west,12.0,15.0,0.02,652.4230637232184,463.9905750261447
east-west,12.0,15.0,0.03,652.4230637232184,430.84770126690256
east-west,12.0,15.0,0.04,652.4230637232184,400.95953199384456
east-west,12.0,20.0,0.0,762.313997690189,478.2310812052889
east-west,12.0,20.0,0.01,762.313997690189,442.25944696860506
east-west,12.0,20.0,0.02,762.313997690189,409.97585179924863
east-west,12.0,20.0,0.03,762.313997690189,380.93187941938686
east-west,12.0,20.0,0.04,762.313997690189,354.7400902233985
east-west,12.0,30.0,0.0,923.2818333575432,388.95733034309853
east-west,12.0,30.0,0.01,923.2818333575432,359.91246912008125
east-west,12.0,30.0,0.02,923.2818333575432,333.84547045929247
east-west,12.0,30.0,0.03,923.2818333575432,310.3942660578548
east-west,12.0,30.0,0.04,923.2818333575432,289.24602248975464
east-west+small-connection,0.0,2.5,0.0,92.43998428810278,323.3333608776694
east-west+small-connection,0.0,2.5,0.01,92.43998428810278,288.4373226180352
east-west+small-connection,0.0,2.5,0.02,92.43998428810278,257.11904653483384
east-west+small-connection,0.0,2.5,0.03,92.43998428810278,228.94352454684963
east-west+small-connection,0.0,2.5,0.04,92.43998428810278,203.534901967801
east-west+small-connection,0.0,7.5,0.0,197.3874132847095,290.68779054349415
east-west+small-connection,0.0,7.5,0.01,197.3874132847095,265.8499140949728
east-west+small-connection,0.0,7.5,0.02,197.3874132847095,243.55857356664004
east-west+small-connection,0.0,7.5,0.03,197.3874132847095,223.50414421270213
east-west+small-connection,0.0,7.5,0.04,197.3874132847095,205.41910476925514
east-west+small-connection,0.0,10.0,0.0,226.6280600153243,256.2378854776874
east-west+small-connection,0.0,10.0,0.01,226.6280600153243,234.84989651948484
east-west+small-connection,0.0,10.0,0.02,226.6280600153243,215.65473923332738
east-west+small-connection,0.0,10.0,0.03,226.6280600153243,198.3857945844537
east-west+small-connection,0.0,10.0,0.04,226.6280600153243,182.81269900493493
east-west+small-connection,0.0,12.5,0.0,249.2756072203872,228.67338273695063
east-west+small-connection,0.0,12.5,0.01,249.2756072203872,209.85310449102334
east-west+small-connection,0.0,12.5,0.02,249.2756072203872,192.96240000235875
east-west+small-connection,0.0,12.5,0.03,249.2756072203872,177.76665888146783
east-west+small-connection,0.0,12.5,0.04,249.2756072203872,164.06317359681893
east-west+small-connection,0.0,20.0,0.0,306.8954204301724,180.57986289269002
east-west+small-connection,0.0,20.0,0.01,306.8954204301724,166.0982584015259
east-west+small-connection,0.0,20.0,0.02,306.8954204301724,153.1013994398416
east-west+small-connection,0.0,20.0,0.03,306.8954204301724,141.40876078767496
east-west+small-connection,0.0,20.0,0.04,306.8954204301724,130.86436545782811
east-west+small-connection,0.0,25.0,0.0,321.9660070321596,152.34372427218733
east-west+small-connection,0.0,25.0,0.01,321.9660070321596,140.18952694489298
east-west+small-connection,0.0,25.0,0.02,321.9660070321596,129.2814546693584
east-west+small-connection,0.0,25.0,0.03,321.9660070321596,119.46799528770674
east-west+small-connection,0.0,25.0,0.04,321.9660070321596,110.61823961221133
efficient,0.0,7.5,0.0,227.4127934723606,343.0182044492977
efficient,0.0,7.5,0.01,227.4127934723606,314.4021403696072
efficient,0.0,7.5,0.02,227.4127934723606,288.7199758615804
efficient,0.0,7.5,0.03,227.4127934723606,265.61498793464034
efficient,0.0,7.5,0.04,227.4127934723606,244.77896160726817
efficient,0.0,12.5,0.0,292.1777252982081,273.5371396469408
efficient,0.0,12.5,0.01,292.1777252982081,251.4777566664281
efficient,0.0,12.5,0.02,292.1777252982081,231.68004091231862
efficient,0.0,12.5,0.03,292.1777252982081,213.8690038660945
efficient,0.0,12.5,0.04,292.1777252982081,197.80705057763512
efficient,0.0,15.0,0.0,318.7138767782541,251.07218268500372
efficient,0.0,15.0,0.01,318.7138767782541,231.01980000741796
efficient,0.0,15.0,0.02,318.7138767782541,213.02331421295244
efficient,0.0,15.0,0.03,318.7138767782541,196.83275570770985
efficient,0.0,15.0,0.04,318.7138767782541,182.23214633553386
efficient,0.0,25.0,0.0,400.36132616804457,193.33364153237602
efficient,0.0,25.0,0.01,400.36132616804457,178.22002564069084
efficient,0.0,25.0,0.02,400.36132616804457,164.65595307779543
efficient,0.0,25.0,0.03,400.36132616804457,152.45302007703967
efficient,0.0,25.0,0.04,400.36132616804457,141.4484424473565
efficient,0.0,30.0,0.0,430.93551473071807,174.43309719669395
efficient,0.0,30.0,0.01,430.93551473071807,160.87660580997763
efficient,0.0,30.0,0.02,430.93551473071807,148.71001151609653
efficient,0.0,30.0,0.03,430.93551473071807,137.76432139779516
efficient,0.0,30.0,0.04,430.93551473071807,127.89352258165442
efficient,3.0,2.5,0.0,185.0502694220811,807.5571598144885
efficient,3.0,2.5,0.01,185.0502694220811,737.7007948287185
efficient,3.0,2.5,0.02,185.0502694220811,675.0065454553182
efficient,3.0,2.5,0.03,185.0502694220811,618.6035941227607
efficient,3.0,2.5,0.04,185.0502694220811,567.7395390268309
efficient,3.0,10.0,0.0,452.09506036958203,550.9580866100006
efficient,3.0,10.0,0.01,452.09506036958203,508.29168352386586
efficient,3.0,10.0,0.02,452.09506036958203,469.99970947836516
efficient,3.0,10.0,0.03,452.09506036958203,435.55029234518406
efficient,3.0,10.0,0.04,452.09506036958203,404.48388518586
efficient,3.0,12.5,0.0,491.34423834350434,481.8102605606115
efficient,3.0,12.5,0.01,491.34423834350434,444.71382989388206
efficient,3.0,12.5,0.02,491.34423834350434,411.4207595264684
efficient,3.0,12.5,0.03,491.34423834350434,381.4686116594365
efficient,3.0,12.5,0.04,491.34423834350434,354.4578318446093
efficient,3.0,20.0,0.0,559.554927923411,345.71236731550914
efficient,3.0,20.0,0.01,559.554927923411,319.30841138188714
efficient,3.0,20.0,0.02,559.554927923411,295.6115557255132
efficient,3.0,20.0,0.03,559.554927923411,274.29265311993896
efficient,3.0,20.0,0.04,559.554927923411,255.0673145322266
efficient,3.0,25.0,0.0,590.828274975767,292.92153221876566
efficient,3.0,25.0,0.01,590.828274975767,270.61780050871863
efficient,3.0,25.0,0.02,590.828274975767,250.6007881996478
efficient,3.0,25.0,0.03,590.828274975767,232.5924607633081
efficient,3.0,25.0,0.04,590.828274975767,216.35259144322896
efficient,6.0,5.0,0.0,343.5671735180534,818.190744744069
efficient,6.0,5.0,0.01,343.5671735180534,753.3425444540599
efficient,6.0,5.0,0.02,343.5671735180534,695.142991110192
efficient,6.0,5.0,0.03,343.5671735180534,642.7836980707328
efficient,6.0,5.0,0.04,343.5671735180534,595.5662049604801
efficient,6.0,10.0,0.0,544.2144675935622,671.3723830816936
efficient,6.0,10.0,0.01,544.2144675935622,620.0122248426911
efficient,6.0,10.0,0.02,544.2144675935622,573.9178343150814
efficient,6.0,10.0,0.03,544.2144675935622,532.4489644966048
efficient,6.0,10.0,0.04,544.2144675935622,495.0524306383596
efficient,6.0,15.0,0.0,685.4563188296136,570.6648684300133
efficient,6.0,15.0,0.01,685.4563188296136,527.5383106758186
efficient,6.0,15.0,0.02,685.4563188296136,488.8333599242502
efficient,6.0,15.0,0.03,685.4563188296136,454.0124078371201
efficient,6.0,15.0,0.04,685.4563188296136,422.610951289045
efficient,6.0,20.0,0.0,779.6994914648849,489.59384430146764
efficient,6.0,20.0,0.01,779.6994914648849,452.80183338931613
efficient,6.0,20.0,0.02,779.6994914648849,419.7819717411304
efficient,6.0,20.0,0.03,779.6994914648849,390.0756164028913
efficient,6.0,20.0,0.04,779.6994914648849,363.28649173963515
efficient,6.0,30.0,0.0,888.8440379612495,373.95215742082013
efficient,6.0,30.0,0.01,888.8440379612495,345.99065011204016
efficient,6.0,30.0,0.02,888.8440379612495,320.8959330818898
efficient,6.0,30.0,0.03,888.8440379612495,298.319442933235
efficient,6.0,30.0,0.04,888.8440379612495,277.9600147177998
efficient,9.0,7.5,0.0,470.09748685656524,765.9867188870153
efficient,9.0,7.5,0.01,470.09748685656524,706.8328797287802
efficient,9.0,7.5,0.02,470.09748685656524,653.743865659184
efficient,9.0,7.5,0.03,470.09748685656524,605.9822749744195
efficient,9.0,7.5,0.04,470.09748685656524,562.9109795428134
efficient,9.0,10.0,0.0,571.8131921032948,707.4481796538017
efficient,9.0,10.0,0.01,571.8131921032948,653.4833959547628
efficient,9.0,10.0,0.02,571.8131921032948,605.0514226149197
efficient,9.0,10.0,0.03,571.8131921032948,561.4795438137696
efficient,9.0,10.0,0.04,571.8131921032948,522.1865211684174
efficient,9.0,15.0,0.0,742.3056331855358,620.2054259835542
efficient,9.0,15.0,0.01,742.3056331855358,573.5021045881064
efficient,9.0,15.0,0.02,742.3056331855358,531.5871025875198
efficient,9.0,15.0,0.03,742.3056331855358,493.8782243160432
efficient,9.0,15.0,0.04,742.3056331855358,459.8724424076249
efficient,9.0,25.0,0.0,979.8521161360931,496.32723599251733
efficient,9.0,25.0,0.01,979.8521161360931,459.3378777653445
efficient,9.0,25.0,0.02,979.8521161360931,426.14090209492707
efficient,9.0,25.0,0.03,979.8521161360931,396.2752059291623
efficient,9.0,25.0,0.04,979.8521161360931,369.34238806477384
efficient,9.0,30.0,0.0,1069.1510932852439,452.5152162086813
efficient,9.0,30.0,0.01,1069.1510932852439,418.88155852261957
efficient,9.0,30.0,0.02,1069.1510932852439,388.69623578590017
efficient,9.0,30.0,0.03,1069.1510932852439,361.5399765389545
efficient,9.0,30.0,0.04,1069.1510932852439,337.0505228153037
efficient,12.0,2.5,0.0,197.73367647173552,873.8738495445839
efficient,12.0,2.5,0.01,197.73367647173552,799.2295060549682
efficient,12.0,2.5,0.02,197.73367647173552,732.2381719652974
efficient,12.0,2.5,0.03,197.73367647173552,671.9693435778894
efficient,12.0,2.5,0.04,197.73367647173552,617.6190492184751
efficient,12.0,7.5,0.0,475.7539082126541,775.8451409599352
efficient,12.0,7.5,0.01,475.7539082126541,715.9795365860497
efficient,12.0,7.5,0.02,475.7539082126541,662.2517319648067
efficient,12.0,7.5,0.03,475.7539082126541,613.9154526482083
efficient,12.0,7.5,0.04,475.7539082126541,570.3259042964623
efficient,12.0,12.5,0.0,676.3566808463236,675.2821360217221
efficient,12.0,12.5,0.01,676.3566808463236,624.2172882856755
efficient,12.0,12.5,0.02,676.3566808463236,578.3879311636643
efficient,12.0,12.5,0.03,676.3566808463236,537.1574989439604
efficient,12.0,12.5,0.04,676.3566808463236,499.9759875778792
efficient,12.0,15.0,0.0,760.8557384947387,636.3706615735779
efficient,12.0,15.0,0.01,760.8557384947387,588.5002312523131
efficient,12.0,15.0,0.02,760.8557384947387,545.5377797021257
efficient,12.0,15.0,0.03,760.8557384947387,506.88656227578394
efficient,12.0,15.0,0.04,760.8557384947387,472.0309810295703
efficient,12.0,25.0,0.0,1040.628090939046,528.1046712531898
efficient,12.0,25.0,0.01,1040.628090939046,488.82102364645544
efficient,12.0,25.0,0.02,1040.628090939046,453.56498362984297
efficient,12.0,25.0,0.03,1040.628090939046,421.8468479298343
efficient,12.0,25.0,0.04,1040.628090939046,393.2435042453319
high-mileage,0.0,2.5,0.0,93.24899988494599,327.5633943468011
high-mileage,0.0,2.5,0.01,93.24899988494599,292.3619531877884
high-mileage,0.0,2.5,0.02,93.24899988494599,260.769586038771
high-mileage,0.0,2.5,0.03,93.24899988494599,232.34747771790256
high-mileage,0.0,2.5,0.04,93.24899988494599,206.71648413653224
high-mileage,0.0,10.0,0.0,233.11078879407955,264.7118134873697
high-mileage,0.0,10.0,0.01,233.11078879407955,242.71201797913236
high-mileage,0.0,10.0,0.02,233.11078879407955,222.96778041340448
high-mileage,0.0,10.0,0.03,233.11078879407955,205.20485507896873
high-mileage,0.0,10.0,0.04,233.11078879407955,189.1862888243676
high-mileage,0.0,12.5,0.0,259.2134259501113,239.0655942099869
high-mileage,0.0,12.5,0.01,259.2134259501113,219.4950118499245
high-mileage,0.0,12.5,0.02,259.2134259501113,201.93092916233616
high-mileage,0.0,12.5,0.03,259.2134259501113,186.12938259418502
high-mileage,0.0,12.5,0.04,259.2134259501113,171.87958331498666
high-mileage,0.0,20.0,0.0,328.4599135619435,194.67392486877984
high-mileage,0.0,20.0,0.01,328.4599135619435,179.17474748536142
high-mileage,0.0,20.0,0.02,328.4599135619435,165.26464362930565
high-mileage,0.0,20.0,0.03,328.4599135619435,152.75040318994553
high-mileage,0.0,20.0,0.04,328.4599135619435,141.46508920986128
high-mileage,0.0,25.0,0.0,370.9259458918939,177.94300577324032
high-mileage,0.0,25.0,0.01,370.9259458918939,163.940573709867
high-mileage,0.0,25.0,0.02,370.9259458918939,151.37375939317525
high-mileage,0.0,25.0,0.03,370.9259458918939,140.0680108852366
high-mileage,0.0,25.0,0.04,370.9259458918939,129.8725122203188
high-mileage,3.0,5.0,0.0,292.9242282559587,685.7944384985781
high-mileage,3.0,5.0,0.01,292.9242282559587,630.5050788393653
high-mileage,3.0,5.0,0.02,292.9242282559587,580.8843334301764
high-mileage,3.0,5.0,0.03,292.9242282559587,536.2429745117429
high-mileage,3.0,5.0,0.04,292.9242282559587,495.9854970936477
high-mileage,3.0,10.0,0.0,425.464686010625,516.1480732822456
high-mileage,3.0,10.0,0.01,425.464686010625,475.9949077568247
high-mileage,3.0,10.0,0.02,425.464686010625,439.95849828869734
high-mileage,3.0,10.0,0.03,425.464686010625,407.5383023417742
high-mileage,3.0,10.0,0.04,425.464686010625,378.3018423001299
high-mileage,3.0,15.0,0.0,487.24509231823845,397.9364057212669
high-mileage,3.0,15.0,0.01,487.24509231823845,367.28061769061674
high-mileage,3.0,15.0,0.02,487.24509231823845,339.7678546099271
high-mileage,3.0,15.0,0.03,487.24509231823845,315.01596663656653
high-mileage,3.0,15.0,0.04,487.24509231823845,292.6947695385248
high-mileage,3.0,20.0,0.0,534.6258353947128,329.4192797404758
high-mileage,3.0,20.0,0.01,534.6258353947128,304.19166347923544
high-mileage,3.0,20.0,0.02,534.6258353947128,281.550541724606
high-mileage,3.0,20.0,0.03,534.6258353947128,261.18143130053744
high-mileage,3.0,20.0,0.04,534.6258353947128,242.81261317334057
high-mileage,3.0,30.0,0.0,616.2017774899123,255.1569727344748
high-mileage,3.0,30.0,0.01,616.2017774899123,235.7723228194145
high-mileage,3.0,30.0,0.02,616.2017774899123,218.37510960858663
high-mileage,3.0,30.0,0.03,616.2017774899123,202.72368735120844
high-mileage,3.0,30.0,0.04,616.2017774899123,188.60926983899208
high-mileage,6.0,7.5,0.0,419.1188626252688,677.1374690290779
high-mileage,6.0,7.5,0.01,419.1188626252688,624.3984298274449
high-mileage,6.0,7.5,0.02,419.1188626252688,577.0665299197668
high-mileage,6.0,7.5,0.03,419.1188626252688,534.484333408089
high-mileage,6.0,7.5,0.04,419.1188626252688,496.08380403321115
high-mileage,6.0,15.0,0.0,634.5033527850658,526.2626029769986
high-mileage,6.0,15.0,0.01,634.5033527850658,486.3418308761038
high-mileage,6.0,15.0,0.02,634.5033527850658,450.51398839128524
high-mileage,6.0,15.0,0.03,634.5033527850658,418.28142996338016
high-mileage,6.0,15.0,0.04,634.5033527850658,389.21418101583515
high-mileage,6.0,25.0,0.0,819.638233819602,412.5575179471896
high-mileage,6.0,25.0,0.01,819.638233819602,381.61622410481374
high-mileage,6.0,25.0,0.02,819.638233819602,353.8472270709041
high-mileage,6.0,25.0,0.03,819.638233819602,328.8648179359115
high-mileage,6.0,25.0,0.04,819.638233819602,306.3357373709761
high-mileage,6.0,30.0,0.0,864.488768996304,363.34012438612314
high-mileage,6.0,30.0,0.01,864.488768996304,336.1447920215241
high-mileage,6.0,30.0,0.02,864.488768996304,311.73769684263846
high-mileage,6.0,30.0,0.03,864.488768996304,289.7798264589496
high-mileage,6.0,30.0,0.04,864.488768996304,269.97826816105
high-mileage,9.0,2.5,0.0,188.7470103132689,826.8860055839017
high-mileage,9.0,2.5,0.01,188.7470103132689,755.6341231435548
high-mileage,9.0,2.5,0.02,188.7470103132689,691.6874335763371
high-mileage,9.0,2.5,0.03,188.7470103132689,634.1577230273465
high-mileage,9.0,2.5,0.04,188.7470103132689,582.27755899544
high-mileage,9.0,7.5,0.0,446.75096810299345,725.2967099013339
high-mileage,9.0,7.5,0.01,446.75096810299345,669.0806363212308
high-mileage,9.0,7.5,0.02,446.75096810299345,618.628189553605
high-mileage,9.0,7.5,0.03,446.75096810299345,573.2385895809767
high-mileage,9.0,7.5,0.04,446.75096810299345,532.3063500572389
high-mileage,9.0,12.5,0.0,627.2087171561279,623.8869510190062
high-mileage,9.0,12.5,0.01,627.2087171561279,576.532768607114
high-mileage,9.0,12.5,0.02,627.2087171561279,534.0336359710341
high-mileage,9.0,12.5,0.03,627.2087171561279,495.79924392221966
high-mileage,9.0,12.5,0.04,627.2087171561279,461.3195548672305
high-mileage,9.0,25.0,0.0,962.2002191466136,487.0977334525763
high-mileage,9.0,25.0,0.01,962.2002191466136,450.7747332710519
high-mileage,9.0,25.0,0.02,962.2002191466136,418.1757964120495
high-mileage,9.0,25.0,0.03,962.2002191466136,388.84812652959386
high-mileage,9.0,25.0,0.04,962.2002191466136,362.4004995616167
high-mileage,12.0,5.0,0.0,332.85663032179764,790.190075554546
high-mileage,12.0,5.0,0.01,332.85663032179764,727.3634870596728
high-mileage,12.0,5.0,0.02,332.85663032179764,670.978277105219
high-mileage,12.0,5.0,0.03,332.85663032179764,620.2512601184521
high-mileage,12.0,5.0,0.04,332.85663032179764,574.5057498941014
high-mileage,12.0,10.0,0.0,554.6593728731973,685.0254878818872
high-mileage,12.0,10.0,0.01,554.6593728731973,632.6795932836044
high-mileage,12.0,10.0,0.02,554.6593728731973,585.7005303122205
high-mileage,12.0,10.0,0.03,554.6593728731973,543.4357639435788
high-mileage,12.0,10.0,0.04,554.6593728731973,505.32149236023577
high-mileage,12.0,12.5,0.0,648.1587095563198,645.7948522700227
high-mileage,12.0,12.5,0.01,648.1587095563198,596.8589479615589
high-mileage,12.0,12.5,0.02,648.1587095563198,552.9402615447572
high-mileage,12.0,12.5,0.03,648.1587095563198,513.4287663547739
high-mileage,12.0,12.5,0.04,648.1587095563198,477.79738854944617
high-mileage,12.0,20.0,0.0,900.9250448781007,568.824107329279
high-mileage,12.0,20.0,0.01,900.9250448781007,526.3117747639337
high-mileage,12.0,20.0,0.02,900.9250448781007,488.15807495662773
high-mileage,12.0,20.0,0.03,900.9250448781007,453.8330563959695
high-mileage,12.0,20.0,0.04,900.9250448781007,422.8788315905325
lossy,0.0,2.5,0.0,70.42535881328149,208.22729502151182
lossy,0.0,2.5,0.01,70.42535881328149,181.64176458765348
lossy,0.0,2.5,0.02,70.42535881328149,157.78195059527135
lossy,0.0,2.5,0.03,70.42535881328149,136.31644234106153
lossy,0.0,2.5,0.04,70.42535881328149,116.9588951079965
lossy,0.0,7.5,0.0,154.98878806303765,216.79238628814159
lossy,0.0,7.5,0.01,154.98878806303765,197.2896616475224
lossy,0.0,7.5,0.02,154.98878806303765,179.78647947752535
lossy,0.0,7.5,0.03,154.98878806303765,164.03972212790958
lossy,0.0,7.5,0.04,154.98878806303765,149.83933164318753
lossy,0.0,12.5,0.0,198.12744832401245,175.18654642369174
lossy,0.0,12.5,0.01,198.12744832401245,160.22794799846835
lossy,0.0,12.5,0.02,198.12744832401245,146.80299953259066
lossy,0.0,12.5,0.03,198.12744832401245,134.72522968079528
lossy,0.0,12.5,0.04,198.12744832401245,123.83352389831671
lossy,0.0,15.0,0.0,214.57915319229187,160.32540190883398
lossy,0.0,15.0,0.01,214.57915319229187,146.82481844525972
lossy,0.0,15.0,0.02,214.57915319229187,134.70840004123687
lossy,0.0,15.0,0.03,214.57915319229187,123.80785071817628
lossy,0.0,15.0,0.04,214.57915319229187,113.9777597700098
lossy,0.0,20.0,0.0,246.43433978353096,141.0638764714898
lossy,0.0,20.0,0.01,246.43433978353096,129.43527466054087
lossy,0.0,20.0,0.02,246.43433978353096,118.99891053039873
lossy,0.0,20.0,0.03,246.43433978353096,109.60982390755127
lossy,0.0,20.0,0.04,246.43433978353096,101.1427666348
lossy,0.0,25.0,0.0,271.2105590413032,125.8056396444191
lossy,0.0,25.0,0.01,271.2105590413032,115.56745741450266
lossy,0.0,25.0,0.02,271.2105590413032,106.3789582708176
lossy,0.0,25.0,0.03,271.2105590413032,98.11251477400148
lossy,0.0,25.0,0.04,271.2105590413032,90.65785455612848
lossy,3.0,2.5,0.0,154.54390720365814,648.0510468187553
lossy,3.0,2.5,0.01,154.54390720365814,589.710815152724
lossy,3.0,2.5,0.02,154.54390720365814,537.3519923981021
lossy,3.0,2.5,0.03,154.54390720365814,490.2473191437809
lossy,3.0,2.5,0.04,154.54390720365814,447.76843037860135
lossy,3.0,10.0,0.0,372.37814649126153,446.7557649622587
lossy,3.0,10.0,0.01,372.37814649126153,411.6126335914456
lossy,3.0,10.0,0.02,372.37814649126153,380.07259794297283
lossy,3.0,10.0,0.03,372.37814649126153,351.69756971490204
lossy,3.0,10.0,0.04,372.37814649126153,326.1090328556961
lossy,3.0,12.5,0.0,397.51563698296354,383.69147875576
lossy,3.0,12.5,0.01,397.51563698296354,353.6790961622557
lossy,3.0,12.5,0.02,397.51563698296354,326.743772530825
lossy,3.0,12.5,0.03,397.51563698296354,302.51137860164823
lossy,3.0,12.5,0.04,397.51563698296354,280.65866006831095
lossy,3.0,20.0,0.0,445.0334910531219,270.86376229716564
lossy,3.0,20.0,0.01,445.0334910531219,249.86377802330543
lossy,3.0,20.0,0.02,445.0334910531219,231.01684473138477
lossy,3.0,20.0,0.03,445.0334910531219,214.0611801870832
lossy,3.0,20.0,0.04,445.0334910531219,198.77059990371373
lossy,3.0,25.0,0.0,465.09893983255006,227.18246639818972
lossy,3.0,25.0,0.01,465.09893983255006,209.6250094990967
lossy,3.0,25.0,0.02,465.09893983255006,193.8676539393179
lossy,3.0,25.0,0.03,465.09893983255006,179.69153144561602
lossy,3.0,25.0,0.04,465.09893983255006,166.9075359536979
lossy,6.0,5.0,0.0,298.29277590026635,699.8294807800005
lossy,6.0,5.0,0.01,298.29277590026635,643.5268093735111
lossy,6.0,5.0,0.02,298.29277590026635,592.99664333544
lossy,6.0,5.0,0.03,298.29277590026635,547.5371231345237
lossy,6.0,5.0,0.04,298.29277590026635,506.5418297056278
lossy,6.0,10.0,0.0,467.96518989211796,571.7027976210518
lossy,6.0,10.0,0.01,467.96518989211796,527.5386534565604
lossy,6.0,10.0,0.02,467.96518989211796,487.90249620481325
lossy,6.0,10.0,0.03,467.96518989211796,452.243783151804
lossy,6.0,10.0,0.04,467.96518989211796,420.08683564237015
lossy,6.0,15.0,0.0,581.325282066583,479.92130048526815
lossy,6.0,15.0,0.01,581.325282066583,443.34630998284655
lossy,6.0,15.0,0.02,581.325282066583,410.5212184417157
lossy,6.0,15.0,0.03,581.325282066583,380.9900882473938
lossy,6.0,15.0,0.04,581.325282066583,354.35898122619085
lossy,6.0,20.0,0.0,658.9608247079275,410.6817993122953
lossy,6.0,20.0,0.01,658.9608247079275,379.587135125989
lossy,6.0,20.0,0.02,658.9608247079275,351.68049224419093
lossy,6.0,20.0,0.03,658.9608247079275,326.5742498687149
lossy,6.0,20.0,0.04,658.9608247079275,303.9334967650587
lossy,6.0,30.0,0.0,725.9552553496794,302.9785564089194
lossy,6.0,30.0,0.01,725.9552553496794,280.1412505246757
lossy,6.0,30.0,0.02,725.9552553496794,259.64536943474144
lossy,6.0,30.0,0.03,725.9552553496794,241.20622716591436
lossy,6.0,30.0,0.04,725.9552553496794,224.57784999548213
lossy,9.0,7.5,0.0,409.0937339916813,659.6649465305843
lossy,9.0,7.5,0.01,409.0937339916813,608.1874006645088
lossy,9.0,7.5,0.02,409.0937339916813,561.9876578305408
lossy,9.0,7.5,0.03,409.0937339916813,520.4240076922147
lossy,9.0,7.5,0.04,409.0937339916813,482.9420011539606
lossy,9.0,12.5,0.0,574.2979726576351,568.5569373632432
lossy,9.0,12.5,0.01,574.2979726576351,525.1975097721884
lossy,9.0,12.5,0.02,574.2979726576351,486.2835644697779
lossy,9.0,12.5,0.03,574.2979726576351,451.27459020202156
lossy,9.0,12.5,0.04,574.2979726576351,419.7035756728712
lossy,9.0,15.0,0.0,644.4216705031498,534.905785314621
lossy,9.0,15.0,0.01,644.4216705031498,494.36098672196687
lossy,9.0,15.0,0.02,644.4216705031498,457.973096881436
lossy,9.0,15.0,0.03,644.4216705031498,425.236691225693
lossy,9.0,15.0,0.04,644.4216705031498,395.7150739773549
lossy,9.0,25.0,0.0,830.9833059415992,418.48942271800223
lossy,9.0,25.0,0.01,830.9833059415992,387.1198530879611
lossy,9.0,25.0,0.02,830.9833059415992,358.96648980427693
lossy,9.0,25.0,0.03,830.9833059415992,333.63828514423045
lossy,9.0,25.0,0.04,830.9833059415992,310.79736694983217
lossy,9.0,30.0,0.0,893.9303554280319,376.16835832010565
lossy,9.0,30.0,0.01,893.9303554280319,348.0468441969149
lossy,9.0,30.0,0.02,893.9303554280319,322.8085252612523
lossy,9.0,30.0,0.03,893.9303554280319,300.1028434982337
lossy,9.0,30.0,0.04,893.9303554280319,279.6269105745223
lossy,12.0,2.5,0.0,169.15179360138416,724.4301038069856
lossy,12.0,2.5,0.01,169.15179360138416,660.5754038450845
lossy,12.0,2.5,0.02,169.15179360138416,603.2674909027126
lossy,12.0,2.5,0.03,169.15179360138416,551.7103631443497
lossy,12.0,2.5,0.04,169.15179360138416,505.2162608866987
lossy,12.0,5.0,0.0,305.4504116835127,718.5417522375151
lossy,12.0,5.0,0.01,305.4504116835127,660.8880792375905
lossy,12.0,5.0,0.02,305.4504116835127,609.1454248196857
lossy,12.0,5.0,0.03,305.4504116835127,562.5950880963198
lossy,12.0,5.0,0.04,305.4504116835127,520.6160987723231
lossy,12.0,7.5,0.0,413.55053792780313,667.4325882129432
lossy,12.0,7.5,0.01,413.55053792780313,615.3942287484798
lossy,12.0,7.5,0.02,413.55053792780313,568.6911704672151
lossy,12.0,7.5,0.03,413.55053792780313,526.6747120256952
lossy,12.0,7.5,0.04,413.55053792780313,488.7843639744985
lossy,12.0,12.5,0.0,588.107784002596,582.9981828520864
lossy,12.0,12.5,0.01,588.107784002596,538.5961161719765
lossy,12.0,12.5,0.02,588.107784002596,498.74642972315814
lossy,12.0,12.5,0.03,588.107784002596,462.89561488998754
lossy,12.0,12.5,0.04,588.107784002596,430.56543042576135
lossy,12.0,20.0,0.0,788.3073604987235,495.21975161603575
lossy,12.0,20.0,0.01,788.3073604987235,458.02155753345744
lossy,12.0,20.0,0.02,788.3073604987235,424.6371571781231
lossy,12.0,20.0,0.03,788.3073604987235,394.6028441856552
lossy,12.0,20.0,0.04,788.3073604987235,367.51796804486605
lossy,12.0,25.0,0.0,892.3541295137658,450.57788167372644
lossy,12.0,25.0,0.01,892.3541295137658,416.89156715899895
lossy,12.0,25.0,0.02,892.3541295137658,386.65898630416456
lossy,12.0,25.0,0.03,892.3541295137658,359.46021123857906
lossy,12.0,25.0,0.04,892.3541295137658,334.9324168449696
low-mileage,0.0,2.5,0.0,93.24902724146762,327.56353738360104
low-mileage,0.0,2.5,0.01,93.24902724146762,292.36208589751806
low-mileage,0.0,2.5,0.02,93.24902724146762,260.76970948022665
low-mileage,0.0,2.5,0.03,93.24902724146762,232.34759282114524
low-mileage,0.0,2.5,0.04,93.24902724146762,206.71659172039307
low-mileage,0.0,5.0,0.0,155.2167416940348,325.7845206552805
low-mileage,0.0,5.0,0.01,155.2167416940348,296.4874075153128
low-mileage,0.0,5.0,0.02,155.2167416940348,270.19401939682103
low-mileage,0.0,5.0,0.03,155.2167416940348,246.53914346740999
low-mileage,0.0,5.0,0.04,155.2167416940348,225.20722937187188
low-mileage,0.0,10.0,0.0,231.4378499120162,262.5250239215835
low-mileage,0.0,10.0,0.01,231.4378499120162,240.68311176783868
low-mileage,0.0,10.0,0.02,231.4378499120162,221.08057035822304
low-mileage,0.0,10.0,0.03,231.4378499120162,203.44512212857884
low-mileage,0.0,10.0,0.04,231.4378499120162,187.54151444136468
low-mileage,0.0,12.5,0.0,255.85004914468618,235.54843174445122
low-mileage,0.0,12.5,0.01,255.85004914468618,216.2317839270817
low-mileage,0.0,12.5,0.02,255.85004914468618,198.89560080952322
low-mileage,0.0,12.5,0.03,255.85004914468618,183.29908434358367
low-mileage,0.0,12.5,0.04,255.85004914468618,169.23418075102637
low-mileage,0.0,20.0,0.0,303.55635467295156,178.39752549959937
low-mileage,0.0,20.0,0.01,303.55635467295156,164.0734829218659
low-mileage,0.0,20.0,0.02,303.55635467295156,151.2180316313992
low-mileage,0.0,20.0,0.03,303.55635467295156,139.65261054826723
low-mileage,0.0,20.0,0.04,303.55635467295156,129.22293973704353
low-mileage,0.0,30.0,0.0,355.8109817329307,141.69997373843313
low-mileage,0.0,30.0,0.01,355.8109817329307,130.50677117267176
low-mileage,0.0,30.0,0.02,355.8109817329307,120.46116640798391
low-mileage,0.0,30.0,0.03,355.8109817329307,111.42362688383747
low-mileage,0.0,30.0,0.04,355.8109817329307,103.27359399677333
low-mileage,3.0,5.0,0.0,302.2104058851699,710.0713760045667
low-mileage,3.0,5.0,0.01,302.2104058851699,653.0292531210291
low-mileage,3.0,5.0,0.02,302.2104058851699,601.8354488402434
low-mileage,3.0,5.0,0.03,302.2104058851699,555.7788857545272
low-mileage,3.0,5.0,0.04,302.2104058851699,514.2451803902694
low-mileage,3.0,10.0,0.0,431.8356915554928,524.4759617654752
low-mileage,3.0,10.0,0.01,431.8356915554928,483.72153355335496
low-mileage,3.0,10.0,0.02,431.8356915554928,447.14550664554935
low-mileage,3.0,10.0,0.03,431.8356915554928,414.23984326752077
low-mileage,3.0,10.0,0.04,431.8356915554928,384.5655897845827
low-mileage,3.0,15.0,0.0,477.0435465024222,389.04640813115736
low-mileage,3.0,15.0,0.01,477.0435465024222,359.032466331583
low-mileage,3.0,15.0,0.02,477.0435465024222,332.0957433537334
low-mileage,3.0,15.0,0.03,477.0435465024222,307.86209050099114
low-mileage,3.0,15.0,0.04,477.0435465024222,286.00823667320395
low-mileage,3.0,20.0,0.0,504.3035356802204,309.601314679939
low-mileage,3.0,20.0,0.01,504.3035356802204,285.8045296481522
low-mileage,3.0,20.0,0.02,504.3035356802204,264.4475412710452
low-mileage,3.0,20.0,0.03,504.3035356802204,245.23370287145764
low-mileage,3.0,20.0,0.04,504.3035356802204,227.90670646662966
low-mileage,3.0,30.0,0.0,555.7551458582218,228.81927748524893
low-mileage,3.0,30.0,0.01,555.7551458582218,211.33617481579697
low-mileage,3.0,30.0,0.02,555.7551458582218,195.64555022056274
low-mileage,3.0,30.0,0.03,555.7551458582218,181.52946231349696
low-mileage,3.0,30.0,0.04,555.7551458582218,168.79960587725182
low-mileage,6.0,7.5,0.0,436.54534296826375,707.509604987754
low-mileage,6.0,7.5,0.01,436.54534296826375,652.577737183278
low-mileage,6.0,7.5,0.02,436.54534296826375,603.2778313066697
low-mileage,6.0,7.5,0.03,436.54534296826375,558.9251160313546
low-mileage,6.0,7.5,0.04,436.54534296826375,518.9279368036874
low-mileage,6.0,12.5,0.0,584.1294445340995,578.8379394231656
low-mileage,6.0,12.5,0.01,584.1294445340995,534.7362368925556
low-mileage,6.0,12.5,0.02,584.1294445340995,495.15611936412716
low-mileage,6.0,12.5,0.03,584.1294445340995,459.54782251066746
low-mileage,6.0,12.5,0.04,584.1294445340995,427.43634021698983
low-mileage,6.0,15.0,0.0,637.5949279343102,528.9567138620191
low-mileage,6.0,15.0,0.01,637.5949279343102,488.84143046906564
low-mileage,6.0,15.0,0.02,637.5949279343102,452.8390192179972
low-mileage,6.0,15.0,0.03,637.5949279343102,420.44940980494783
low-mileage,6.0,15.0,0.04,637.5949279343102,391.24053263099745
low-mileage,6.0,25.0,0.0,777.0438378836564,390.2865356435671
low-mileage,6.0,25.0,0.01,777.0438378836564,360.95317767620645
low-mileage,6.0,25.0,0.02,777.0438378836564,334.6272607788767
low-mileage,6.0,25.0,0.03,777.0438378836564,310.943120297325
low-mileage,6.0,25.0,0.04,777.0438378836564,289.5848154942568
low-mileage,6.0,30.0,0.0,812.3658597377373,340.62922615245765
low-mileage,6.0,30.0,0.01,812.3658597377373,315.07359101925516
low-mileage,6.0,30.0,0.02,812.3658597377373,292.13808095853267
low-mileage,6.0,30.0,0.03,812.3658597377373,271.50412376674
low-mileage,6.0,30.0,0.04,812.3658597377373,252.89646741800982
low-mileage,9.0,2.5,0.0,190.76118563313457,837.4173588099409
low-mileage,9.0,2.5,0.01,190.76118563313457,765.4051264023703
low-mileage,9.0,2.5,0.02,190.76118563313457,700.7760427474279
low-mileage,9.0,2.5,0.03,190.76118563313457,642.632415596768
low-mileage,9.0,2.5,0.04,190.76118563313457,590.1986229494454
low-mileage,9.0,12.5,0.0,618.5477759809659,614.8300005255742
low-mileage,9.0,12.5,0.01,618.5477759809659,568.1297181266266
low-mileage,9.0,12.5,0.02,618.5477759809659,526.2174435454306
low-mileage,9.0,12.5,0.03,618.5477759809659,488.51101899984917
low-mileage,9.0,12.5,0.04,618.5477759809659,454.50744985594343
low-mileage,9.0,20.0,0.0,801.9529211649892,504.1381795407568
low-mileage,9.0,20.0,0.01,801.9529211649892,466.2960865940245
low-mileage,9.0,20.0,0.02,801.9529211649892,432.3338039516754
low-mileage,9.0,20.0,0.03,801.9529211649892,401.779598515543
low-mileage,9.0,20.0,0.04,801.9529211649892,374.2258845342907
low-mileage,9.0,25.0,0.0,899.9304381067114,454.53924398190463
low-mileage,9.0,25.0,0.01,899.9304381067114,420.5669242752007
low-mileage,9.0,25.0,0.02,899.9304381067114,390.07766128651195
low-mileage,9.0,25.0,0.03,899.9304381067114,362.6479618530868
low-mileage,9.0,25.0,0.04,899.9304381067114,337.9119203821298
low-mileage,12.0,5.0,0.0,339.84633128224243,808.4633134978396
low-mileage,12.0,5.0,0.01,339.84633128224243,744.317421056641
low-mileage,12.0,5.0,0.02,339.84633128224243,686.7481705265424
low-mileage,12.0,5.0,0.03,339.84633128224243,634.9559301160745
low-mileage,12.0,5.0,0.04,339.84633128224243,588.2498037957124
low-mileage,12.0,10.0,0.0,549.1974668914102,677.8859329714621
low-mileage,12.0,10.0,0.01,549.1974668914102,626.0555049258262
low-mileage,12.0,10.0,0.02,549.1974668914102,579.5390596214495
low-mileage,12.0,10.0,0.03,549.1974668914102,537.6904877525993
low-mileage,12.0,10.0,0.04,549.1974668914102,499.9515394363528
low-mileage,12.0,20.0,0.0,834.6827744664569,525.5296668379744
low-mileage,12.0,20.0,0.01,834.6827744664569,486.1431364085929
low-mileage,12.0,20.0,0.02,834.6827744664569,450.79476176591515
low-mileage,12.0,20.0,0.03,834.6827744664569,418.9935571166433
low-mileage,12.0,20.0,0.04,834.6827744664569,390.3153020398778
low-mileage,12.0,30.0,0.0,1058.2128776196478,447.74923698048974
low-mileage,12.0,30.0,0.01,1058.2128776196478,414.45967677859426
low-mileage,12.0,30.0,0.02,1058.2128776196478,384.58317247932825
low-mileage,12.0,30.0,0.03,1058.2128776196478,357.7047420838698
low-mileage,12.0,30.0,0.04,1058.2128776196478,333.46583379579346
slow-charger,0.0,2.5,0.0,93.24902724146796,327.56353738360286
slow-charger,0.0,2.5,0.01,93.24902724146796,292.3620858975197
slow-charger,0.0,2.5,0.02,93.24902724146796,260.7697094802282
slow-charger,0.0,2.5,0.03,93.24902724146796,232.34759282114663
slow-charger,0.0,2.5,0.04,93.24902724146796,206.71659172039443
slow-charger,0.0,7.5,0.0,200.56113453318562,296.2191825031105
slow-charger,0.0,7.5,0.01,200.56113453318562,270.98194676951664
slow-charger,0.0,7.5,0.02,200.56113453318562,248.33219179157692
slow-charger,0.0,7.5,0.03,200.56113453318562,227.9553144785341
slow-charger,0.0,7.5,0.04,200.56113453318562,209.57949218826795
slow-charger,0.0,10.0,0.0,233.46789604512583,265.178607832834
slow-charger,0.0,10.0,0.01,233.46789604512583,243.14511038167862
slow-charger,0.0,10.0,0.02,233.46789604512583,223.37062620901511
slow-charger,0.0,10.0,0.03,233.46789604512583,205.58048948093455
slow-charger,0.0,10.0,0.04,233.46789604512583,189.53738405253335
slow-charger,0.0,12.5,0.0,260.2425543960719,240.14177810246943
slow-charger,0.0,12.5,0.01,260.2425543960719,220.49349666900088
slow-charger,0.0,12.5,0.02,260.2425543960719,202.85968110760496
slow-charger,0.0,12.5,0.03,260.2425543960719,186.9953992818033
slow-charger,0.0,12.5,0.04,260.2425543960719,172.6890254878641
slow-charger,0.0,20.0,0.0,331.323299476551,196.54536874160075
slow-charger,0.0,20.0,0.01,331.323299476551,180.9110755514271
slow-charger,0.0,20.0,0.02,331.323299476551,166.87970881424764
slow-charger,0.0,20.0,0.03,331.323299476551,154.25637408871575
slow-charger,0.0,20.0,0.04,331.323299476551,142.87267912587453
slow-charger,0.0,25.0,0.0,361.8635879267298,173.2046450232775
slow-charger,0.0,25.0,0.01,361.8635879267298,159.54431642596413
slow-charger,0.0,25.0,0.02,361.8635879267298,147.28453096794595
slow-charger,0.0,25.0,0.03,361.8635879267298,136.2550013149507
slow-charger,0.0,25.0,0.04,361.8635879267298,126.30859619433237
slow-charger,3.0,2.5,0.0,172.5150832152317,742.0154602432166
slow-charger,3.0,2.5,0.01,172.5150832152317,676.891120482619
slow-charger,3.0,2.5,0.02,172.5150832152317,618.4437392302357
slow-charger,3.0,2.5,0.03,172.5150832152317,565.861487536633
slow-charger,3.0,2.5,0.04,172.5150832152317,518.4429308117903
slow-charger,3.0,5.0,0.0,292.3846030803835,684.3836915597204
slow-charger,3.0,5.0,0.01,292.3846030803835,629.1961859895026
slow-charger,3.0,5.0,0.02,292.3846030803835,579.6668519449966
slow-charger,3.0,5.0,0.03,292.3846030803835,535.1077313626944
slow-charger,3.0,5.0,0.04,292.3846030803835,494.9244162918018
slow-charger,3.0,10.0,0.0,424.9423820635668,515.4653413343892
slow-charger,3.0,10.0,0.01,424.9423820635668,475.36146816513894
slow-charger,3.0,10.0,0.02,424.9423820635668,439.36929728959484
slow-charger,3.0,10.0,0.03,424.9423820635668,406.98890064180097
slow-charger,3.0,10.0,0.04,424.9423820635668,377.78833151890933
slow-charger,3.0,20.0,0.0,524.5140917117131,322.8104741783101
slow-charger,3.0,20.0,0.01,524.5140917117131,298.0600050590113
slow-charger,3.0,20.0,0.02,524.5140917117131,275.8471103086182
slow-charger,3.0,20.0,0.03,524.5140917117131,255.86325478624525
slow-charger,3.0,20.0,0.04,524.5140917117131,237.8418586659267
slow-charger,3.0,30.0,0.0,579.0752733554009,238.98028058193407
slow-charger,3.0,30.0,0.01,579.0752733554009,220.76356674156207
slow-charger,3.0,30.0,0.02,579.0752733554009,204.4145454246814
slow-charger,3.0,30.0,0.03,579.0752733554009,189.70613017308725
slow-charger,3.0,30.0,0.04,579.0752733554009,176.442114265128
slow-charger,6.0,5.0,0.0,329.94749765304226,782.5847039133831
slow-charger,6.0,5.0,0.01,329.94749765304226,720.3072133315667
slow-charger,6.0,5.0,0.02,329.94749765304226,664.414804305112
slow-charger,6.0,5.0,0.03,329.94749765304226,614.1311362225326
slow-charger,6.0,5.0,0.04,329.94749765304226,568.7854370463015
slow-charger,6.0,7.5,0.0,436.33301464703777,707.1395437640746
slow-charger,6.0,7.5,0.01,436.33301464703777,652.2343938972896
slow-charger,6.0,7.5,0.02,436.33301464703777,602.958466666703
slow-charger,6.0,7.5,0.03,436.33301464703777,558.6273238070095
slow-charger,6.0,7.5,0.04,436.33301464703777,518.6495985353997
slow-charger,6.0,10.0,0.0,522.0043049983931,642.3402693934607
slow-charger,6.0,10.0,0.01,522.0043049983931,593.076191897122
slow-charger,6.0,10.0,0.02,522.0043049983931,548.8629786797563
slow-charger,6.0,10.0,0.03,522.0043049983931,509.0865121253436
slow-charger,6.0,10.0,0.04,522.0043049983931,473.2161837374532
slow-charger,6.0,15.0,0.0,656.6466514433982,545.5590777724609
slow-charger,6.0,15.0,0.01,656.6466514433982,504.24512535908826
slow-charger,6.0,15.0,0.02,656.6466514433982,467.16694020398614
slow-charger,6.0,15.0,0.03,656.6466514433982,433.8095095990338
slow-charger,6.0,15.0,0.04,656.6466514433982,403.7278534434
slow-charger,6.0,30.0,0.0,839.6713352609638,352.5267177670094
slow-charger,6.0,30.0,0.01,839.6713352609638,326.1120992567415
slow-charger,6.0,30.0,0.02,839.6713352609638,302.40567421840296
slow-charger,6.0,30.0,0.03,839.6713352609638,281.07816250767763
slow-charger,6.0,30.0,0.04,839.6713352609638,261.84506024823554
slow-charger,9.0,2.5,0.0,197.3319097321264,871.7731647593191
slow-charger,9.0,2.5,0.01,197.3319097321264,797.2804879713458
slow-charger,9.0,2.5,0.02,197.3319097321264,730.4252707554392
slow-charger,9.0,2.5,0.03,197.3319097321264,670.2789000652398
slow-charger,9.0,2.5,0.04,197.3319097321264,616.0390377827036
slow-charger,9.0,7.5,0.0,460.7222391124589,749.646856015926
slow-charger,9.0,7.5,0.01,460.7222391124589,691.6727336454404
slow-charger,9.0,7.5,0.02,460.7222391124589,639.6424843497659
slow-charger,9.0,7.5,0.03,460.7222391124589,592.8334125740397
slow-charger,9.0,7.5,0.04,460.7222391124589,550.6210965597263
slow-charger,9.0,12.5,0.0,646.697107751113,644.2664207839814
slow-charger,9.0,12.5,0.01,646.697107751113,595.4408672353272
slow-charger,9.0,12.5,0.02,646.697107751113,551.621217721683
slow-charger,9.0,12.5,0.03,646.697107751113,512.1988211920195
slow-charger,9.0,12.5,0.04,646.697107751113,476.64779235887175
slow-charger,9.0,15.0,0.0,723.2657081347947,603.6133436782893
slow-charger,9.0,15.0,0.01,723.2657081347947,558.1079489847767
slow-charger,9.0,15.0,0.02,723.2657081347947,517.2680546769177
slow-charger,9.0,15.0,0.03,723.2657081347947,480.5263982396004
slow-charger,9.0,15.0,0.04,723.2657081347947,447.3928548133955
slow-charger,9.0,25.0,0.0,944.4351892376563,477.80907803131646
slow-charger,9.0,25.0,0.01,944.4351892376563,442.15670665632075
slow-charger,9.0,25.0,0.02,944.4351892376563,410.1596415042423
slow-charger,9.0,25.0,0.03,944.4351892376563,381.3734461738126
slow-charger,9.0,25.0,0.04,944.4351892376563,355.4141197432473
slow-charger,12.0,2.5,0.0,199.29795093113387,882.0528430571718
slow-charger,12.0,2.5,0.01,199.29795093113387,806.8179869035382
slow-charger,12.0,2.5,0.02,199.29795093113387,739.2966832366694
slow-charger,12.0,2.5,0.03,199.29795093113387,678.5510671283912
slow-charger,12.0,2.5,0.04,199.29795093113387,623.7708066709187
slow-charger,12.0,5.0,0.0,350.54459822648175,836.4318887715547
slow-charger,12.0,5.0,0.01,350.54459822648175,770.2667016740825
slow-charger,12.0,5.0,0.02,350.54459822648175,710.8851873257252
slow-charger,12.0,5.0,0.03,350.54459822648175,657.4625417510736
slow-charger,12.0,5.0,0.04,350.54459822648175,609.2861197078731
slow-charger,12.0,10.0,0.0,576.7819582363134,713.9431245983027
slow-charger,12.0,10.0,0.01,576.7819582363134,659.5094143454128
slow-charger,12.0,10.0,0.02,576.7819582363134,610.6565917628283
slow-charger,12.0,10.0,0.03,576.7819582363134,566.706095471335
slow-charger,12.0,10.0,0.04,576.7819582363134,527.071636421786
slow-charger,12.0,12.5,0.0,667.7075820252734,666.2375693573391
slow-charger,12.0,12.5,0.01,667.7075820252734,615.8257275379315
slow-charger,12.0,12.5,0.02,667.7075820252734,570.5824260428974
slow-charger,12.0,12.5,0.03,667.7075820252734,529.8792394212654
slow-charger,12.0,12.5,0.04,667.7075820252734,493.1731969538116
slow-charger,12.0,20.0,0.0,891.6632779440711,562.7708272276477
slow-charger,12.0,20.0,0.01,891.6632779440711,520.695533590547
slow-charger,12.0,20.0,0.02,891.6632779440711,482.93406472109234
slow-charger,12.0,20.0,0.03,891.6632779440711,448.9619171608823
slow-charger,12.0,20.0,0.04,891.6632779440711,418.32591063276084
slow-charger,12.0,25.0,0.0,1013.1248653086988,513.7242853398147
slow-charger,12.0,25.0,0.01,1013.1248653086988,475.4788828401636
slow-charger,12.0,25.0,0.02,1013.1248653086988,441.15464048676296
slow-charger,12.0,25.0,0.03,1013.1248653086988,410.2747975931153
slow-charger,12.0,25.0,0.04,1013.1248653086988,382.4274244825258
small-connection,0.0,2.5,0.0,92.43998428810278,323.3333608776694
small-connection,0.0,2.5,0.01,92.43998428810278,288.4373226180352
small-connection,0.0,2.5,0.02,92.43998428810278,257.11904653483384
small-connection,0.0,2.5,0.03,92.43998428810278,228.94352454684963
small-connection,0.0,2.5,0.04,92.43998428810278,203.534901967801
small-connection,0.0,7.5,0.0,197.3874132847095,290.68779054349415
small-connection,0.0,7.5,0.01,197.3874132847095,265.8499140949728
small-connection,0.0,7.5,0.02,197.3874132847095,243.55857356664004
small-connection,0.0,7.5,0.03,197.3874132847095,223.50414421270213
small-connection,0.0,7.5,0.04,197.3874132847095,205.41910476925514
small-connection,0.0,12.5,0.0,249.2756072203872,228.67338273695063
small-connection,0.0,12.5,0.01,249.2756072203872,209.85310449102334
small-connection,0.0,12.5,0.02,249.2756072203872,192.96240000235875
small-connection,0.0,12.5,0.03,249.2756072203872,177.76665888146783
small-connection,0.0,12.5,0.04,249.2756072203872,164.06317359681893
small-connection,0.0,20.0,0.0,306.8954204301724,180.57986289269002
small-connection,0.0,20.0,0.01,306.8954204301724,166.0982584015259
small-connection,0.0,20.0,0.02,306.8954204301724,153.1013994398416
small-connection,0.0,20.0,0.03,306.8954204301724,141.40876078767496
small-connection,0.0,20.0,0.04,306.8954204301724,130.86436545782811
small-connection,0.0,25.0,0.0,321.9660070321596,152.34372427218733
small-connection,0.0,25.0,0.01,321.9660070321596,140.18952694489298
small-connection,0.0,25.0,0.02,321.9660070321596,129.2814546693584
small-connection,0.0,25.0,0.03,321.9660070321596,119.46799528770674
small-connection,0.0,25.0,0.04,321.9660070321596,110.61823961221133
small-connection,3.0,2.5,0.0,172.4036451570919,741.4327932124378
small-connection,3.0,2.5,0.01,172.4036451570919,676.350521251509
small-connection,3.0,2.5,0.02,172.4036451570919,617.9408947423559
small-connection,3.0,2.5,0.03,172.4036451570919,565.3926091455847
small-connection,3.0,2.5,0.04,172.4036451570919,518.0046829707362
small-connection,3.0,5.0,0.0,292.3778065958983,684.3659234493422
small-connection,3.0,5.0,0.01,292.3778065958983,629.1797007135194
small-connection,3.0,5.0,0.02,292.3778065958983,579.6515179791261
small-connection,3.0,5.0,0.03,292.3778065958983,535.0934331742503
small-connection,3.0,5.0,0.04,292.3778065958983,494.9110521651195
small-connection,3.0,10.0,0.0,421.09102094217246,510.43101736437563
small-connection,3.0,10.0,0.01,421.09102094217246,470.69061581965786
small-connection,3.0,10.0,0.02,421.09102094217246,435.02465116273453
small-connection,3.0,10.0,0.03,421.09102094217246,402.93772630313714
small-connection,3.0,10.0,0.04,421.09102094217246,374.0018093810835
small-connection,3.0,12.5,0.0,453.7420477398001,442.4887628325116
small-connection,3.0,12.5,0.01,453.7420477398001,408.2312930160208
small-connection,3.0,12.5,0.02,453.7420477398001,377.4861153072421
small-connection,3.0,12.5,0.03,453.7420477398001,349.8261819106262
small-connection,3.0,12.5,0.04,453.7420477398001,324.8825159676862
small-connection,3.0,20.0,0.0,510.68276507189466,313.77063384067947
small-connection,3.0,20.0,0.01,510.68276507189466,289.6728294033925
small-connection,3.0,20.0,0.02,510.68276507189466,268.04568403087774
small-connection,3.0,20.0,0.03,510.68276507189466,248.58879858923393
small-connection,3.0,20.0,0.04,510.68276507189466,231.04262290662035
small-connection,6.0,5.0,0.0,328.6003877139874,779.0629423113589
small-connection,6.0,5.0,0.01,328.6003877139874,717.0397183238915
small-connection,6.0,5.0,0.02,328.6003877139874,661.3755068750903
small-connection,6.0,5.0,0.03,328.6003877139874,611.2971369976129
small-connection,6.0,5.0,0.04,328.6003877139874,566.136575282609
small-connection,6.0,7.5,0.0,434.43529368368985,703.8320578015635
small-connection,6.0,7.5,0.01,434.43529368368985,649.1657041074271
small-connection,6.0,7.5,0.02,434.43529368368985,600.1040901581067
small-connection,6.0,7.5,0.03,434.43529368368985,555.9657544807947
small-connection,6.0,7.5,0.04,434.43529368368985,516.1619022941182
small-connection,6.0,10.0,0.0,519.1041889680378,638.5493697122195
small-connection,6.0,10.0,0.01,519.1041889680378,589.5589902285212
small-connection,6.0,10.0,0.02,519.1041889680378,545.5914137754073
small-connection,6.0,10.0,0.03,519.1041889680378,506.0359346097589
small-connection,6.0,10.0,0.04,519.1041889680378,470.3648921537575
small-connection,6.0,15.0,0.0,648.3430899998687,538.3230527077244
small-connection,6.0,15.0,0.01,648.3430899998687,497.53153186631715
small-connection,6.0,15.0,0.02,648.3430899998687,460.922215299783
small-connection,6.0,15.0,0.03,648.3430899998687,427.9866028431719
small-connection,6.0,15.0,0.04,648.3430899998687,398.2853413482928
small-connection,6.0,20.0,0.0,731.8021935045988,458.2892603349225
small-connection,6.0,20.0,0.01,731.8021935045988,423.75739955562096
small-connection,6.0,20.0,0.02,731.8021935045988,392.76596317804706
small-connection,6.0,20.0,0.03,731.8021935045988,364.884482895551
small-connection,6.0,20.0,0.04,731.8021935045988,339.7410264674766
small-connection,6.0,30.0,0.0,800.5294176538721,335.47187336000667
small-connection,6.0,30.0,0.01,800.5294176538721,310.2885923718542
small-connection,6.0,30.0,0.02,800.5294176538721,287.6872603581823
small-connection,6.0,30.0,0.03,800.5294176538721,267.353946818919
small-connection,6.0,30.0,0.04,800.5294176538721,249.01741024220783
small-connection,9.0,2.5,0.0,186.6462969788978,815.9021781421136
small-connection,9.0,2.5,0.01,186.6462969788978,745.4433137172207
small-connection,9.0,2.5,0.02,186.6462969788978,682.2083369513861
small-connection,9.0,2.5,0.03,186.6462969788978,625.318919617489
small-connection,9.0,2.5,0.04,186.6462969788978,574.0161705718663
small-connection,9.0,7.5,0.0,447.98303492692435,727.4440454705413
small-connection,9.0,7.5,0.01,447.98303492692435,671.0729370630401
small-connection,9.0,7.5,0.02,447.98303492692435,620.4813506174131
small-connection,9.0,7.5,0.03,447.98303492692435,574.9665734783754
small-connection,9.0,7.5,0.04,447.98303492692435,533.921449466529
small-connection,9.0,12.5,0.0,631.2717257776806,628.135734978574
small-connection,9.0,12.5,0.01,631.2717257776806,580.4747959063495
small-connection,9.0,12.5,0.02,631.2717257776806,537.7003572396204
small-connection,9.0,12.5,0.03,631.2717257776806,499.21828581345517
small-connection,9.0,12.5,0.04,631.2717257776806,464.5152400510943
small-connection,9.0,15.0,0.0,706.0250818947532,588.5892357153249
small-connection,9.0,15.0,0.01,706.0250818947532,544.1685620212908
small-connection,9.0,15.0,0.02,706.0250818947532,504.3021762671007
small-connection,9.0,15.0,0.03,706.0250818947532,468.43633788523823
small-connection,9.0,15.0,0.04,706.0250818947532,436.09260521847415
small-connection,9.0,25.0,0.0,911.4031785422668,460.5379016362718
small-connection,9.0,25.0,0.01,911.4031785422668,426.1324866707736
small-connection,9.0,25.0,0.02,911.4031785422668,395.2545320837913
small-connection,9.0,25.0,0.03,911.4031785422668,367.47514582069635
small-connection,9.0,25.0,0.04,911.4031785422668,342.42375755049505
small-connection,9.0,30.0,0.0,972.4737244405051,410.3911307237457
small-connection,9.0,30.0,0.01,972.4737244405051,379.7987770686434
small-connection,9.0,30.0,0.02,972.4737244405051,352.34294467079496
small-connection,9.0,30.0,0.03,972.4737244405051,327.6422744497119
small-connection,9.0,30.0,0.04,972.4737244405051,305.3672654058795
small-connection,12.0,2.5,0.0,186.916438815402,817.3146465967199
small-connection,12.0,2.5,0.01,186.916438815402,746.7538037916402
small-connection,12.0,2.5,0.02,186.916438815402,683.4273041130484
small-connection,12.0,2.5,0.03,186.916438815402,626.4555480886711
small-connection,12.0,2.5,0.04,186.916438815402,575.0785461965189
small-connection,12.0,5.0,0.0,335.68460541368177,797.5832762142232
small-connection,12.0,5.0,0.01,335.68460541368177,734.2229082744286
small-connection,12.0,5.0,0.02,335.68460541368177,677.3586453140375
small-connection,12.0,5.0,0.03,335.68460541368177,626.20064775649
small-connection,12.0,5.0,0.04,335.68460541368177,580.0664802193648
small-connection,12.0,10.0,0.0,556.9684277038436,688.0437792639714
small-connection,12.0,10.0,0.01,556.9684277038436,635.4799679645597
small-connection,12.0,10.0,0.02,556.9684277038436,588.305330488176
small-connection,12.0,10.0,0.03,556.9684277038436,545.8646152981087
small-connection,12.0,10.0,0.04,556.9684277038436,507.59167346195755
small-connection,12.0,12.5,0.0,646.0886561441695,643.6301485855811
small-connection,12.0,12.5,0.01,646.0886561441695,594.8505330597825
small-connection,12.0,12.5,0.02,646.0886561441695,551.0721117128377
small-connection,12.0,12.5,0.03,646.0886561441695,511.68680614930105
small-connection,12.0,12.5,0.04,646.0886561441695,476.1692258662748
small-connection,12.0,20.0,0.0,863.7950387206815,544.5567802579895
small-connection,12.0,20.0,0.01,863.7950387206815,503.7965170561186
small-connection,12.0,20.0,0.02,863.7950387206815,467.2152533985538
small-connection,12.0,20.0,0.03,863.7950387206815,434.30487877276727
small-connection,12.0,20.0,0.04,863.7950387206815,404.62637669716
small-connection,12.0,25.0,0.0,972.621251281893,492.5464930175507
small-connection,12.0,25.0,0.01,972.621251281893,455.8300995020722
small-connection,12.0,25.0,0.02,972.621251281893,422.87810247760353
small-connection,12.0,25.0,0.03,972.621251281893,393.23280162373834
small-connection,12.0,25.0,0.04,972.621251281893,366.49873575764946
