scenario,pv_kwp,capacity,base_capacity,d_capacity,d_npv,d_savings,d_import
east-west,0.0,2.5,2.5,0.0,0.0,0.0,0.0
east-west,3.0,5.0,7.5,-2.5,-483.0397533333627,-113.45558373858296,509.09784142944727
east-west,6.0,7.5,10.0,-2.5,-755.0323073320262,-134.2635721401789,536.4960864730879
east-west,9.0,10.0,12.5,-2.5,-804.3341302962076,-138.0352627446992,459.54346605418027
east-west,12.0,10.0,15.0,-5.0,-780.041716788854,-212.67889487584932,538.7493568341183
low-mileage,0.0,2.5,2.5,0.0,0.00017879599468528795,1.36782604158725e-5,-1413.0434782608709
low-mileage,3.0,7.5,7.5,0.0,111.7347279971134,8.547935927065282,-1395.8165624324797
low-mileage,6.0,10.0,10.0,0.0,10.314105799662684,0.7890502541230262,-1177.8084251885516
low-mileage,9.0,10.0,12.5,-2.5,-173.66671666365937,-89.78791172274771,-781.4726874061469
low-mileage,12.0,12.5,15.0,-2.5,-263.2357323408987,-96.64012518210404,-656.1192030165973
high-mileage,0.0,2.5,2.5,0.0,-0.00017879600497394676,-1.3678261211680365e-5,2826.086956521739
high-mileage,3.0,7.5,7.5,0.0,3.9444160487178124,0.30175592010209584,2818.329149137792
high-mileage,6.0,10.0,10.0,0.0,-237.84019447885385,-18.195262831252535,2682.0750091803143
high-mileage,9.0,15.0,12.5,2.5,-50.444300242202644,72.6429591426488,2196.669328828182
high-mileage,12.0,20.0,15.0,5.0,275.8748856354737,174.10909794250938,1687.4172132693266
slow-charger,0.0,2.5,2.5,0.0,0.00017879599917591804,1.3678260756933014e-5,-5.4569682106375694e-12
slow-charger,3.0,7.5,7.5,0.0,-2.192139590459192,-0.16770317606994922,-15.128051016121844
slow-charger,6.0,10.0,10.0,0.0,43.31162935583143,3.313428503983232,-33.47546966834261
slow-charger,9.0,15.0,12.5,2.5,185.66461921967857,90.70577588321419,-229.25574826643629
slow-charger,12.0,15.0,15.0,0.0,291.80345187593684,22.32356273330197,-48.563306508945516
small-connection,0.0,2.5,2.5,0.0,-10.575262468834353,-0.8090292751044217,-0.6123957567397156
small-connection,3.0,7.5,7.5,0.0,-32.111365806161075,-2.4565853639408033,-11.608654660888988
small-connection,6.0,10.0,10.0,0.0,5.402632543419259,0.41331247362791146,-24.16604987022265
small-connection,9.0,12.5,12.5,0.0,-16.838848722483363,-1.2882064739000043,-24.06798949080394
small-connection,12.0,15.0,15.0,0.0,-20.551920018420788,-1.5722640457868238,-27.31614429844103
lossy,0.0,2.5,2.5,0.0,-298.3404271092285,-22.82365474992571,274.63022514862587
lossy,3.0,5.0,7.5,-2.5,-437.8497223286997,-109.99845365472993,571.8948750839168
lossy,6.0,7.5,10.0,-2.5,-634.6189540611651,-125.05170357457962,585.2121360208621
lossy,9.0,12.5,12.5,0.0,-761.5738189141189,-58.26195959394545,324.2247179759613
lossy,12.0,12.5,15.0,-2.5,-813.1299752990258,-138.70816293299538,454.2036520391041
efficient,0.0,2.5,2.5,0.0,182.60481727384735,13.969643154012374,-120.88708657272218
efficient,3.0,7.5,7.5,0.0,292.32083513836096,22.363143614342334,-142.88031584616465
efficient,6.0,10.0,10.0,0.0,333.6327662381591,25.523591099152327,-132.66366632189465
efficient,9.0,15.0,12.5,2.5,434.5458537986524,109.74570093395528,-291.1241411563608
efficient,12.0,15.0,15.0,0.0,444.95266265356486,34.039791559147375,-107.17359508681056
mid-mileage,0.0,2.5,2.5,0.0,-0.0003575920014213807,-2.7356521741239703e-5,1413.0434782608709
mid-mileage,3.0,7.5,7.5,0.0,0.7207907635481661,0.055141972187811916,1406.8464849920615
mid-mileage,6.0,10.0,10.0,0.0,-127.8769532624483,-9.782849277298737,1295.5310703294067
mid-mileage,9.0,15.0,12.5,2.5,40.005841764752404,79.56258057394973,951.0307934820846
mid-mileage,12.0,20.0,15.0,5.0,195.05672172388222,167.92634259649742,594.4494363285421
slow-charger+small-connection,0.0,2.5,2.5,0.0,0.00017879600224546266,1.367826098430669e-5,-6.366462912410498e-12
slow-charger+small-connection,3.0,7.5,7.5,0.0,0.08541278236248218,0.0065342530838279345,-15.886944177191253
slow-charger+small-connection,6.0,10.0,10.0,0.0,50.96090885971171,3.8986140793136883,-35.3085450607623
slow-charger+small-connection,9.0,12.5,12.5,0.0,180.2992471574239,13.793262309991746,-47.008242957021594
slow-charger+small-connection,12.0,15.0,15.0,0.0,280.59961538737434,21.466446256104064,-53.04746000649402
high-mileage+slow-charger,0.0,2.5,2.5,0.0,-5.501415603248461e-5,-4.208695827401243e-6,2826.086956521728
high-mileage+slow-charger,3.0,7.5,7.5,0.0,25.995536895028863,1.9887119049872126,2793.867441004019
high-mileage+slow-charger,6.0,10.0,10.0,0.0,-158.4678510603144,-12.1231157192085,2637.989753731367
high-mileage+slow-charger,9.0,15.0,12.5,2.5,118.47176480200733,85.56538466721088,2128.4357049725113
high-mileage+slow-charger,12.0,20.0,15.0,5.0,592.0910129892786,198.3002804349826,1589.0417071592778
high-mileage+small-connection,0.0,2.5,2.5,0.0,-54.6097167351289,-4.177755367687723,2823.7497871613496
high-mileage+small-connection,3.0,5.0,7.5,-2.5,-87.41072748806391,-83.18915158778168,3052.093176368556
high-mileage+small-connection,6.0,10.0,10.0,0.0,-294.53053661666536,-22.53219031086246,2639.6661656693545
high-mileage+small-connection,9.0,12.5,12.5,0.0,-108.84474084527847,-8.326845980844041,2407.4726856625075
high-mileage+small-connection,12.0,20.0,15.0,5.0,195.60569608897958,167.96834026170472,1612.973627569986
east-west+small-connection,0.0,2.5,2.5,0.0,-10.575262468834353,-0.8090292751044217,-0.6123957567397156
east-west+small-connection,3.0,5.0,7.5,-2.5,-505.45553207703654,-115.17043680074948,502.3078436489518
east-west+small-connection,6.0,7.5,10.0,-2.5,-777.2321598842645,-135.96190640570586,518.5407014885463
east-west+small-connection,9.0,10.0,12.5,-2.5,-825.3535423985925,-139.6432908940174,437.28767023367413
east-west+small-connection,12.0,10.0,15.0,-5.0,-794.2804145696368,-213.7681844682321,518.3952428580421
lossy+high-mileage,0.0,2.5,2.5,0.0,-298.3403898937744,-22.82365190286714,3333.4537545603916
lossy+high-mileage,3.0,5.0,7.5,-2.5,-432.147848738585,-109.5622486271061,3623.6500502126287
lossy+high-mileage,6.0,7.5,10.0,-2.5,-843.9305121613356,-141.06446719343126,3517.097595553462
lossy+high-mileage,9.0,10.0,12.5,-2.5,-870.1013091096675,-143.06658685206025,3289.8406251792285
lossy+high-mileage,12.0,15.0,15.0,0.0,-786.47141951599,-60.16667711997684,2792.0993272524465
net-metering,0.0,30.0,2.5,27.5,4311.825053869191,1171.386030404872,9790.994249153733
net-metering,3.0,30.0,7.5,22.5,2686.2091257544844,894.0189735801353,10769.986954041327
net-metering,6.0,30.0,10.0,20.0,3081.761968006812,847.7775259269285,10954.586250961078
net-metering,9.0,30.0,12.5,17.5,2283.9798199376874,710.2435032646666,10761.791252161796
net-metering,12.0,30.0,15.0,15.0,1560.1833326151714,578.3695354387124,10331.29553149364
tou-transport,0.0,5.0,2.5,2.5,411.4658695531846,107.98003478821556,94.98302054003034
tou-transport,3.0,7.5,7.5,0.0,745.1282911352607,57.003842979171225,-28.711163205432968
tou-transport,6.0,10.0,10.0,0.0,831.9563519374829,63.64636776723796,-56.72006683047812
tou-transport,9.0,15.0,12.5,2.5,912.1641965560857,146.2844840380509,-267.8364322862469
tou-transport,12.0,15.0,15.0,0.0,910.0206759605362,69.61844871199094,-97.89698461482317
net-metering+tou-transport,0.0,30.0,2.5,27.5,2794.177410057587,1055.282872043057,11047.677078456978
net-metering+tou-transport,3.0,30.0,7.5,22.5,1248.2683734947511,784.013555948924,12024.207380102524
net-metering+tou-transport,6.0,30.0,10.0,20.0,1751.078714716772,745.977527016689,12189.286761758674
net-metering+tou-transport,9.0,30.0,12.5,17.5,1292.8346085580324,634.418861157785,11971.147960221702
net-metering+tou-transport,12.0,30.0,15.0,15.0,677.0175704492058,510.8055427276237,11512.63158899005
flat-tariff,0.0,2.5,2.5,0.0,-1215.5461763171725,-92.99177630626014,-80.54245878305028
flat-tariff,3.0,2.5,7.5,-5.0,-1853.7769661872678,-294.82184433312295,630.2032504973508
flat-tariff,6.0,5.0,10.0,-5.0,-2516.0760053425147,-345.48907960309384,603.9083479617993
flat-tariff,9.0,5.0,12.5,-7.5,-2884.0127972681726,-450.139050648424,994.524743426258
flat-tariff,12.0,5.0,15.0,-10.0,-3061.255806848855,-540.2005561164567,1211.1041525732153
v2g,0.0,2.5,2.5,0.0,-351.9822947852533,-26.927367678950077,1063.2004625296713
v2g,3.0,5.0,7.5,-2.5,-1042.2189258888184,-156.23393765265791,1683.5182497336568
v2g,6.0,7.5,10.0,-2.5,-1643.6372032439697,-202.24366974177724,1705.6292207320162
v2g,9.0,10.0,12.5,-2.5,-1932.6685588253545,-224.3551614213053,1403.3331974953978
v2g,12.0,12.5,15.0,-2.5,-2015.3319268728014,-230.67907866933626,969.4222696942688
4-hour-battery,0.0,2.5,2.5,0.0,-171.99789033120058,-13.158191481698395,-13.294548926376592
4-hour-battery,3.0,7.5,7.5,0.0,-88.77030911318411,-6.791110768577482,-50.5534512403342
4-hour-battery,6.0,10.0,10.0,0.0,-191.24494878598398,-14.630630940809226,-83.2709785023776
4-hour-battery,9.0,12.5,12.5,0.0,-312.9912309248193,-23.94447129944922,-99.28226093820172
4-hour-battery,12.0,12.5,15.0,-2.5,-417.2643538424077,-108.42363073252795,62.08475928963708
flat-tariff+net-metering,0.0,2.5,2.5,0.0,-1215.5461763171725,-92.99177630626014,-80.54245878305028
flat-tariff+net-metering,3.0,2.5,7.5,-5.0,-2859.569771154194,-371.7670574004753,1262.0473828309127
flat-tariff+net-metering,6.0,2.5,10.0,-7.5,-3778.59182015417,-518.5761812200733,2023.018156306251
flat-tariff+net-metering,9.0,2.5,12.5,-10.0,-4267.036291530053,-632.445236977244,2489.3380861226624
flat-tariff+net-metering,12.0,2.5,15.0,-12.5,-4499.108016525499,-726.7012516612548,2740.3611718868333
small-household,0.0,2.5,2.5,0.0,-162.5766089649152,-12.437444128449897,-1501.4077501280544
small-household,3.0,5.0,7.5,-2.5,-480.99188450279985,-113.29891757163136,-896.7608955982364
small-household,6.0,10.0,10.0,0.0,-783.7480957018427,-59.95833726101574,-840.8719435678418
small-household,9.0,12.5,12.5,0.0,-891.220252376776,-68.18017773683073,-669.6426627386006
small-household,12.0,15.0,15.0,0.0,-976.6765680163967,-74.71776120568222,-518.0345803510785
large-household,0.0,2.5,2.5,0.0,76.60176507254208,5.860192184448806,1500.6510608402996
large-household,3.0,7.5,7.5,0.0,383.85108252618556,29.365395323227062,1253.8821945407776
large-household,6.0,10.0,10.0,0.0,597.9485318793195,45.744289441678575,987.6312949480412
large-household,9.0,15.0,12.5,2.5,839.7299333509022,140.74311429651368,576.8578169191453
large-household,12.0,15.0,15.0,0.0,1008.1126695721546,77.1226874690932,650.944264910855
weekend-driver,0.0,2.5,2.5,0.0,-0.0005914021598698582,-4.5243478552947636e-5,1130.4347826086969
weekend-driver,3.0,7.5,7.5,0.0,445.65692397225166,34.09366899489146,1129.521289757367
weekend-driver,6.0,15.0,10.0,5.0,762.3387503073845,211.32458162056048,358.4199573702331
weekend-driver,9.0,15.0,12.5,2.5,945.5273076111357,148.83683048161572,509.1787295136112
weekend-driver,12.0,20.0,15.0,5.0,1034.2369170638672,232.12534920448445,308.91792626620304
flat-roof,0.0,2.5,2.5,0.0,0.0,0.0,0.0
flat-roof,3.0,5.0,7.5,-2.5,-163.38239155412816,-89.00113975251793,339.1370328570515
flat-roof,6.0,10.0,10.0,0.0,-261.4995560203097,-20.005252528787366,113.71865015777576
flat-roof,9.0,12.5,12.5,0.0,-258.164350997783,-19.75010250204798,90.12124168250284
flat-roof,12.0,12.5,15.0,-2.5,-272.8734117175136,-97.37742742710566,230.9158839051579
steep-roof,0.0,2.5,2.5,0.0,0.0,0.0,0.0
steep-roof,3.0,7.5,7.5,0.0,60.212724636179246,4.606396967265027,-9.980327663528897
steep-roof,6.0,10.0,10.0,0.0,60.97185166273994,4.664471742224123,-0.3965336955679959
steep-roof,9.0,15.0,12.5,2.5,136.7760283166408,86.96569837915956,-198.30826826123575
steep-roof,12.0,15.0,15.0,0.0,155.1198098067057,11.866983694456508,-8.06161315574127
